Name,Team,Level,Age,W,L,ERA,G,GS,CG,ShO,SV,BS,HLD,IP,TBF,H,R,ER,HR,BB,IBB,HBP,WP,BK,SO,IDs,Year,Player ID,Highest League,GamesOverMax,Below Median Annualy
Yovani Gallardo,MIL,"A+,AA",20,11,5,1.86,26,26,0,0,0,0,,155.0,610,104,42,32,6,51,0,5,6,0,188,https://www.fangraphs.com/statss.aspx?playerid=8173,2006,8173,AA,0.8666666666666667,False
Phil Hughes,NYY,"A+,AA",20,12,6,2.16,26,26,0,0,0,0,,146.0,558,92,37,35,5,34,0,3,5,0,168,https://www.fangraphs.com/statss.aspx?playerid=7450,2006,7450,AA,0.8666666666666667,False
Gio González,PHI,AA,20,7,12,4.66,27,27,0,0,0,0,,154.2,684,140,88,80,24,81,2,8,9,2,166,https://www.fangraphs.com/statss.aspx?playerid=7448,2006,7448,AA,0.9,False
Wade Davis,TBD,A,20,7,12,3.02,27,27,1,0,0,0,,146.0,608,124,61,49,5,64,0,8,4,1,165,https://www.fangraphs.com/statss.aspx?playerid=7441,2006,7441,A,0.9642857142857143,False
J.A. Happ,PHI,"A+,AA,AAA",23,10,9,2.69,26,26,0,0,0,0,,160.2,650,124,63,48,12,49,0,6,1,2,162,https://www.fangraphs.com/statss.aspx?playerid=7410,2006,7410,AAA,0.896551724137931,False
Carlos Carrasco,PHI,A,19,12,6,2.26,26,26,2,0,0,0,,159.1,643,103,50,40,6,65,0,9,12,2,159,https://www.fangraphs.com/statss.aspx?playerid=6632,2006,6632,A,0.9285714285714286,False
Homer Bailey,CIN,"A+,AA",20,10,6,2.47,26,26,0,0,0,0,,138.2,567,99,48,38,7,50,1,7,7,0,156,https://www.fangraphs.com/statss.aspx?playerid=8362,2006,8362,AA,0.8666666666666667,False
Matt Garza,MIN,"A+,AA,AAA",22,14,4,1.99,23,23,2,1,0,0,,135.2,531,87,42,30,6,32,0,8,3,0,154,https://www.fangraphs.com/statss.aspx?playerid=3340,2006,3340,AAA,0.7931034482758621,True
John Danks,TEX,"AA,AAA",21,9,9,4.24,27,26,0,0,0,0,,140.0,611,141,81,66,22,56,0,3,5,0,154,https://www.fangraphs.com/statss.aspx?playerid=6329,2006,6329,AAA,0.9310344827586207,False
Andy Sonnanstine,TBD,AA,23,15,8,2.67,28,28,4,4,0,0,,185.2,721,151,63,55,15,34,1,5,3,0,153,https://www.fangraphs.com/statss.aspx?playerid=7667,2006,7667,AA,0.9333333333333333,False
Ubaldo Jiménez,COL,"AA,AAA",22,14,4,3.8,26,26,1,1,0,0,,151.2,648,123,70,64,9,83,2,11,13,2,150,https://www.fangraphs.com/statss.aspx?playerid=3374,2006,3374,AAA,0.896551724137931,False
Tim Redding,CHW,AAA,28,12,10,3.4,29,28,5,0,0,0,,187.2,780,168,77,71,21,56,5,6,10,0,148,https://www.fangraphs.com/statss.aspx?playerid=573,2006,573,AAA,1.0,False
James McDonald,LAD,A,21,5,10,3.98,30,22,2,1,0,0,,142.1,600,119,72,63,15,65,0,11,12,0,146,https://www.fangraphs.com/statss.aspx?playerid=5523,2006,5523,A,1.0714285714285714,False
Johnny Cueto,CIN,"A,A+",20,15,3,3.0,26,26,3,3,0,0,,138.0,547,100,47,46,11,38,0,10,4,3,143,https://www.fangraphs.com/statss.aspx?playerid=6893,2006,6893,A+,0.9285714285714286,False
Jonathon Niese,NYM,"A,A+",19,11,11,3.97,27,27,1,1,0,0,,133.2,594,129,75,59,7,67,1,9,16,1,142,https://www.fangraphs.com/statss.aspx?playerid=4424,2006,4424,A+,0.9642857142857143,False
Clay Buchholz,BOS,"A,A+",21,11,4,2.42,24,24,0,0,0,0,,119.0,472,88,38,32,10,33,0,5,9,1,140,https://www.fangraphs.com/statss.aspx?playerid=3543,2006,3543,A+,0.8571428571428571,True
Jesse Litsch,TOR,"A+,AA",21,9,10,4.2,28,27,3,1,0,0,,158.2,665,179,83,74,11,21,0,11,8,0,135,https://www.fangraphs.com/statss.aspx?playerid=3688,2006,3688,AA,0.9333333333333333,False
Kyle Kendrick,PHI,"A,A+",21,12,9,3.17,28,27,2,1,0,0,,176.0,721,151,73,62,15,52,0,4,1,0,133,https://www.fangraphs.com/statss.aspx?playerid=6230,2006,6230,A+,1.0,False
Travis Wood,CIN,A,19,10,5,3.66,27,27,0,0,0,0,,140.0,582,108,65,57,14,56,2,10,10,0,133,https://www.fangraphs.com/statss.aspx?playerid=9884,2006,9884,A,0.9642857142857143,False
Jaime García,STL,"A,A+",19,10,8,3.37,25,25,1,0,0,0,,155.0,636,151,61,58,4,34,0,3,12,9,131,https://www.fangraphs.com/statss.aspx?playerid=8137,2006,8137,A+,0.8928571428571429,True
Edinson Volquez,TEX,AAA,22,6,6,3.21,21,21,0,0,0,0,,120.2,509,86,51,43,9,72,0,4,3,2,130,https://www.fangraphs.com/statss.aspx?playerid=3990,2006,3990,AAA,0.7241379310344828,True
Ross Ohlendorf,ARI,"AA,AAA",23,10,8,3.25,28,28,4,2,0,0,,182.2,734,186,71,66,13,29,2,9,15,1,129,https://www.fangraphs.com/statss.aspx?playerid=8268,2006,8268,AAA,0.9655172413793104,False
Eric Stults,LAD,AAA,26,10,11,4.23,26,26,1,0,0,0,,153.1,658,153,85,72,10,68,5,5,7,0,128,https://www.fangraphs.com/statss.aspx?playerid=8011,2006,8011,AAA,0.896551724137931,False
Matt Chico,ARI,"A+,AA",23,12,6,2.88,27,27,0,0,0,0,,153.1,632,138,56,49,14,40,0,3,15,2,125,https://www.fangraphs.com/statss.aspx?playerid=6068,2006,6068,AA,0.9,False
Jason Hammel,TBD,AAA,23,5,9,4.23,24,24,1,0,0,0,,127.2,547,133,71,60,11,36,0,7,5,1,117,https://www.fangraphs.com/statss.aspx?playerid=4538,2006,4538,AAA,0.8275862068965517,True
Jeff Karstens,NYY,"AA,AAA",23,11,5,3.29,25,25,1,0,0,0,,147.2,622,134,62,54,13,44,2,4,6,1,115,https://www.fangraphs.com/statss.aspx?playerid=5879,2006,5879,AAA,0.8620689655172413,False
Matt Harrison,ATL,"A+,AA",20,11,8,3.35,26,25,3,1,0,0,,158.2,657,160,66,59,12,33,0,5,5,6,114,https://www.fangraphs.com/statss.aspx?playerid=5551,2006,5551,AA,0.8666666666666667,False
John Lannan,WSN,A,21,6,8,4.76,27,25,1,1,0,0,,138.0,613,149,83,73,11,54,0,6,4,0,114,https://www.fangraphs.com/statss.aspx?playerid=7080,2006,7080,A,0.9642857142857143,False
Randy Wells,CHC,"AA,AAA",23,9,7,3.36,25,24,0,0,0,0,,131.1,561,132,55,49,9,36,2,4,3,0,113,https://www.fangraphs.com/statss.aspx?playerid=4535,2006,4535,AAA,0.8620689655172413,False
Jair Jurrjens,DET,"A+,AA",20,9,3,2.69,24,24,0,0,0,0,,140.2,564,124,53,42,11,31,2,6,7,0,112,https://www.fangraphs.com/statss.aspx?playerid=5556,2006,5556,AA,0.8,True
Greg Smith,ARI,"A+,AA",22,14,4,2.55,24,24,2,2,0,0,,148.1,600,122,53,42,7,54,0,8,4,5,109,https://www.fangraphs.com/statss.aspx?playerid=3455,2006,3455,AA,0.8,True
Colby Lewis,DET,AAA,26,6,7,3.96,24,24,0,0,0,0,,147.2,620,154,70,65,13,36,0,7,1,0,104,https://www.fangraphs.com/statss.aspx?playerid=1259,2006,1259,AAA,0.8275862068965517,True
Ricky Romero,TOR,"A+,AA",21,4,8,3.87,22,22,1,1,0,0,,125.2,522,113,60,54,12,40,0,2,6,0,102,https://www.fangraphs.com/statss.aspx?playerid=3403,2006,3403,AA,0.7333333333333333,True
Chris Volstad,FLA,A,19,11,8,3.08,26,26,0,0,0,0,,152.0,636,161,73,52,12,36,1,6,6,0,99,https://www.fangraphs.com/statss.aspx?playerid=9901,2006,9901,A,0.9285714285714286,False
Joe Saunders,LAA,AAA,25,10,4,2.67,21,20,1,1,0,0,,135.0,545,117,44,40,12,38,0,3,2,0,97,https://www.fangraphs.com/statss.aspx?playerid=4366,2006,4366,AAA,0.7241379310344828,True
Luis Mendoza,TEX,"A+,AA",22,8,13,5.36,29,29,0,0,0,0,,149.1,675,195,94,89,10,39,1,8,16,1,96,https://www.fangraphs.com/statss.aspx?playerid=3126,2006,3126,AA,0.9666666666666667,False
Jeremy Hellickson,TBD,A-,19,4,3,2.43,15,14,0,0,0,0,,77.2,309,55,24,21,3,16,0,6,4,0,96,https://www.fangraphs.com/statss.aspx?playerid=4371,2006,4371,A-,0.5357142857142857,True
Tim Stauffer,SDP,AAA,24,7,12,5.53,28,26,0,0,0,0,,153.0,703,199,108,94,20,52,1,9,4,0,89,https://www.fangraphs.com/statss.aspx?playerid=6432,2006,6432,AAA,0.9655172413793104,False
Jeremy Guthrie,CLE,AAA,27,9,5,3.14,21,20,2,0,0,0,,123.1,516,104,50,43,6,48,0,8,6,0,88,https://www.fangraphs.com/statss.aspx?playerid=2072,2006,2072,AAA,0.7241379310344828,True
Gavin Floyd,PHI,AAA,23,7,4,4.23,17,17,2,0,0,0,,115.0,495,117,57,54,9,38,0,9,7,1,85,https://www.fangraphs.com/statss.aspx?playerid=3886,2006,3886,AAA,0.5862068965517241,True
Nick Blackburn,MIN,AA,24,7,8,4.42,30,19,2,1,0,0,,132.1,565,141,72,65,11,37,2,8,6,0,81,https://www.fangraphs.com/statss.aspx?playerid=4270,2006,4270,AA,1.0,False
Josh Tomlin,CLE,A-,21,8,2,2.09,15,15,0,0,0,0,,77.1,307,56,24,18,5,15,0,4,3,0,69,https://www.fangraphs.com/statss.aspx?playerid=9388,2006,9388,A-,0.5357142857142857,True
Jhoulys Chacín,COL,R,18,4,1,1.49,12,11,1,1,0,0,,72.2,294,60,20,12,4,18,0,6,4,0,67,https://www.fangraphs.com/statss.aspx?playerid=2608,2006,2608,R,0.9230769230769231,False
Clayton Richard,CHW,"A,A+",22,7,9,3.85,22,21,1,0,0,0,,119.1,527,146,65,51,2,34,0,8,9,0,66,https://www.fangraphs.com/statss.aspx?playerid=3551,2006,3551,A+,0.7857142857142857,True
R.A. Dickey,TEX,AAA,31,9,8,4.92,22,19,3,1,1,0,,131.2,560,134,80,72,17,46,0,11,6,2,61,https://www.fangraphs.com/statss.aspx?playerid=1245,2006,1245,AAA,0.7586206896551724,True
Felix Doubront,BOS,"A-,R",18,4,3,2.92,13,13,0,0,0,0,,64.2,255,48,23,21,7,16,0,4,1,0,43,https://www.fangraphs.com/statss.aspx?playerid=1478,2006,1478,R,1.0,False
Iván Nova,NYY,R,19,3,0,2.72,10,5,0,0,1,0,,43.0,167,36,13,13,5,7,0,3,3,0,36,https://www.fangraphs.com/statss.aspx?playerid=1994,2006,1994,R,0.7692307692307693,True
Gio González,CHW,AA,21,9,7,3.18,27,27,0,0,0,0,,150.0,611,116,57,53,10,57,1,2,5,2,185,https://www.fangraphs.com/statss.aspx?playerid=7448,2007,7448,AA,0.9,False
Clay Buchholz,BOS,"AA,AAA",22,8,5,2.44,24,23,1,0,0,0,,125.1,496,87,39,34,9,35,0,3,2,4,171,https://www.fangraphs.com/statss.aspx?playerid=3543,2007,3543,AAA,0.7741935483870968,True
Johnny Cueto,CIN,"A+,AA,AAA",21,12,9,3.07,28,28,1,0,0,0,,161.1,673,146,63,55,11,34,0,15,2,3,170,https://www.fangraphs.com/statss.aspx?playerid=6893,2007,6893,AAA,0.9032258064516129,False
Wade Davis,TBD,"A+,AA",21,10,3,2.5,27,27,1,1,0,0,,158.1,645,128,57,44,8,51,0,8,9,0,169,https://www.fangraphs.com/statss.aspx?playerid=7441,2007,7441,AA,0.9,False
James McDonald,LAD,"A+,AA",22,13,9,3.07,26,25,0,0,0,0,,134.2,556,121,51,46,13,37,0,7,4,1,168,https://www.fangraphs.com/statss.aspx?playerid=5523,2007,5523,AA,0.8666666666666667,True
Edinson Volquez,TEX,"A+,AA,AAA",23,14,6,3.67,26,26,0,0,0,0,,144.2,588,98,59,59,13,60,0,5,9,0,166,https://www.fangraphs.com/statss.aspx?playerid=3990,2007,3990,AAA,0.8387096774193549,False
Clayton Kershaw,LAD,"A,AA",19,8,7,2.95,25,25,0,0,0,0,,122.0,520,89,52,40,9,67,0,2,9,1,163,https://www.fangraphs.com/statss.aspx?playerid=2036,2007,2036,AA,0.8333333333333334,True
Ian Kennedy,NYY,"A+,AA,AAA",22,12,3,1.91,26,25,1,0,0,0,,146.1,561,91,31,31,6,50,1,6,3,0,163,https://www.fangraphs.com/statss.aspx?playerid=6986,2007,6986,AAA,0.8387096774193549,False
Tommy Hanson,ATL,"A,A+",20,5,9,3.32,26,25,0,0,0,0,,133.0,556,104,61,49,16,58,0,10,5,1,154,https://www.fangraphs.com/statss.aspx?playerid=9129,2007,9129,A+,0.8125,True
Wade LeBlanc,SDP,"A+,AA",22,13,8,2.95,28,27,0,0,0,0,,149.1,596,120,54,49,13,36,0,1,8,0,145,https://www.fangraphs.com/statss.aspx?playerid=5221,2007,5221,AA,0.9333333333333333,False
Chris Tillman,SEA,"A,A+",19,7,11,4.84,28,28,0,0,0,0,,135.2,617,138,100,73,13,61,0,13,16,1,139,https://www.fangraphs.com/statss.aspx?playerid=5279,2007,5279,A+,0.875,False
Luke Hochevar,KCR,"AA,AAA",23,4,9,4.86,27,26,0,0,0,0,,152.0,663,163,96,82,24,47,0,9,8,0,138,https://www.fangraphs.com/statss.aspx?playerid=6943,2007,6943,AAA,0.8709677419354839,False
Armando Galarraga,TEX,"AA,AAA",25,11,8,4.14,27,26,3,3,0,0,,152.1,651,145,71,70,15,58,0,13,6,1,135,https://www.fangraphs.com/statss.aspx?playerid=4222,2007,4222,AAA,0.8709677419354839,False
Brett Anderson,ARI,"A,A+",19,11,7,3.07,23,23,0,0,0,0,,120.1,500,126,49,41,9,21,0,3,7,2,125,https://www.fangraphs.com/statss.aspx?playerid=8223,2007,8223,A+,0.71875,True
Jeff Niemann,TBD,AAA,24,12,6,3.98,25,25,0,0,0,0,,131.0,580,144,69,58,13,46,1,9,8,0,123,https://www.fangraphs.com/statss.aspx?playerid=8591,2007,8591,AAA,0.8064516129032258,False
Philip Humber,NYM,AAA,24,11,9,4.27,25,25,0,0,0,0,,139.0,586,129,70,66,21,44,0,9,6,1,120,https://www.fangraphs.com/statss.aspx?playerid=8586,2007,8586,AAA,0.8064516129032258,False
R.A. Dickey,MIL,AAA,32,13,6,3.72,31,22,3,0,0,0,,169.1,707,159,80,70,18,60,0,7,12,0,119,https://www.fangraphs.com/statss.aspx?playerid=1245,2007,1245,AAA,1.0,False
Chris Volstad,FLA,"A+,AA",20,12,11,4.16,28,27,2,1,0,0,,168.2,744,193,95,78,12,47,1,7,12,0,118,https://www.fangraphs.com/statss.aspx?playerid=9901,2007,9901,AA,0.9333333333333333,False
J.A. Happ,PHI,AAA,24,4,6,5.02,24,24,0,0,0,0,,118.1,515,118,74,66,12,62,1,0,2,1,117,https://www.fangraphs.com/statss.aspx?playerid=7410,2007,7410,AAA,0.7741935483870968,True
Justin Masterson,BOS,"A+,AA",22,12,8,4.33,27,27,0,0,0,0,,153.2,649,152,85,74,8,40,0,8,4,0,115,https://www.fangraphs.com/statss.aspx?playerid=2038,2007,2038,AA,0.9,False
Jonathon Niese,NYM,A+,20,11,7,4.29,27,27,2,1,0,0,,134.1,575,151,78,64,9,31,0,7,7,0,110,https://www.fangraphs.com/statss.aspx?playerid=4424,2007,4424,A+,0.84375,False
Josh Tomlin,CLE,"A,A+",22,11,4,3.36,32,20,0,0,0,0,,131.1,553,127,57,49,10,31,0,7,7,0,109,https://www.fangraphs.com/statss.aspx?playerid=9388,2007,9388,A+,1.0,False
Jason Vargas,NYM,AAA,24,9,7,4.97,24,24,0,0,0,0,,125.0,556,141,77,69,14,44,0,3,1,1,108,https://www.fangraphs.com/statss.aspx?playerid=8044,2007,8044,AAA,0.7741935483870968,True
Brad Bergesen,BAL,"A,A+",21,10,9,3.52,25,25,2,0,0,0,,150.2,633,153,68,59,7,26,0,14,5,2,108,https://www.fangraphs.com/statss.aspx?playerid=8375,2007,8375,A+,0.78125,True
Jeremy Hellickson,TBD,A,20,13,3,2.67,21,21,1,0,0,0,,111.1,446,87,36,33,7,34,0,3,4,0,106,https://www.fangraphs.com/statss.aspx?playerid=4371,2007,4371,A,0.65625,True
Carlos Carrasco,PHI,"A+,AA",20,12,6,3.86,26,25,2,2,0,0,,140.0,598,114,64,60,17,68,0,11,2,2,102,https://www.fangraphs.com/statss.aspx?playerid=6632,2007,6632,AA,0.8666666666666667,True
Clayton Richard,CHW,A+,23,8,12,3.63,28,27,1,0,0,0,,161.1,684,159,86,65,11,59,0,5,4,2,99,https://www.fangraphs.com/statss.aspx?playerid=3551,2007,3551,A+,0.875,False
Greg Smith,ARI,"AA,AAA",23,9,5,3.54,22,22,3,0,0,0,,122.0,502,125,57,48,11,32,0,2,5,2,96,https://www.fangraphs.com/statss.aspx?playerid=3455,2007,3455,AAA,0.7096774193548387,True
Tim Stauffer,SDP,AAA,25,8,5,4.34,25,20,0,0,0,0,,130.2,572,147,73,63,12,36,0,4,7,0,96,https://www.fangraphs.com/statss.aspx?playerid=6432,2007,6432,AAA,0.8064516129032258,False
Jair Jurrjens,DET,AA,21,7,5,3.2,19,19,1,1,0,0,,112.2,470,112,43,40,7,31,3,1,9,1,94,https://www.fangraphs.com/statss.aspx?playerid=5556,2007,5556,AA,0.6333333333333333,True
Luis Mendoza,TEX,AA,23,15,4,3.93,26,25,3,1,0,0,,148.2,633,145,75,65,11,48,0,10,10,1,93,https://www.fangraphs.com/statss.aspx?playerid=3126,2007,3126,AA,0.8666666666666667,True
Doug Fister,SEA,AA,23,7,8,4.6,24,24,1,0,0,0,,131.0,560,156,78,67,14,32,0,3,3,0,85,https://www.fangraphs.com/statss.aspx?playerid=9425,2007,9425,AA,0.8,True
Derek Holland,TEX,A-,20,4,5,3.22,16,14,0,0,0,1,,67.0,284,57,33,24,7,21,0,6,7,0,83,https://www.fangraphs.com/statss.aspx?playerid=4141,2007,4141,A-,0.5,True
Miguel González,LAA,AA,23,8,4,3.38,30,19,1,1,1,0,,130.2,553,128,53,49,13,42,1,12,3,2,81,https://www.fangraphs.com/statss.aspx?playerid=7024,2007,7024,AA,1.0,False
Matt Harrison,ATL,AA,21,5,7,3.39,20,20,0,0,0,0,,116.2,487,118,51,44,6,34,0,1,2,3,78,https://www.fangraphs.com/statss.aspx?playerid=5551,2007,5551,AA,0.6666666666666666,True
Jhoulys Chacín,COL,R,19,6,5,3.13,15,15,0,0,0,0,,92.0,380,85,45,32,5,26,0,2,6,0,77,https://www.fangraphs.com/statss.aspx?playerid=2608,2007,2608,R,1.0,False
Nick Blackburn,MIN,"AA,AAA",25,10,4,2.36,25,24,3,2,0,0,,148.2,593,132,53,39,8,19,0,3,4,0,75,https://www.fangraphs.com/statss.aspx?playerid=4270,2007,4270,AAA,0.8064516129032258,False
Jeff Locke,ATL,R,19,7,1,2.66,13,11,0,0,1,0,,61.0,237,48,23,18,2,8,0,3,7,0,74,https://www.fangraphs.com/statss.aspx?playerid=2929,2007,2929,R,0.8666666666666667,True
John Lannan,WSN,"A+,AA,AAA",22,12,3,2.31,21,19,0,0,0,0,,124.2,493,92,35,32,6,42,1,3,2,0,74,https://www.fangraphs.com/statss.aspx?playerid=7080,2007,7080,AAA,0.6774193548387096,True
Alfredo Simon,TEX,AAA,26,5,10,6.43,22,22,1,0,0,0,,119.0,539,152,92,85,19,46,0,6,4,0,73,https://www.fangraphs.com/statss.aspx?playerid=2155,2007,2155,AAA,0.7096774193548387,True
Jeff Samardzija,CHC,"A+,AA",22,6,11,4.57,30,26,1,0,0,0,,141.2,624,175,84,72,16,44,1,2,3,0,65,https://www.fangraphs.com/statss.aspx?playerid=3254,2007,3254,AA,1.0,False
Alex Cobb,TBD,A-,19,5,6,3.54,16,16,0,0,0,0,,81.1,345,78,36,32,4,31,0,4,2,1,62,https://www.fangraphs.com/statss.aspx?playerid=6562,2007,6562,A-,0.5,True
Josh Collmenter,ARI,A-,21,6,3,2.71,14,12,0,0,0,0,,66.1,275,60,22,20,4,21,0,2,2,1,57,https://www.fangraphs.com/statss.aspx?playerid=7312,2007,7312,A-,0.4375,True
Dillon Gee,NYM,A-,21,3,1,2.47,14,11,0,0,0,0,,62.0,250,57,17,17,1,9,1,6,0,0,56,https://www.fangraphs.com/statss.aspx?playerid=7396,2007,7396,A-,0.4375,True
Danny Salazar,CLE,R,17,5,3,1.96,14,14,0,0,0,0,,64.1,259,52,25,14,1,12,0,5,3,0,49,https://www.fangraphs.com/statss.aspx?playerid=5867,2007,5867,R,0.9333333333333333,True
Michael Pineda,SEA,R,18,6,1,2.29,15,12,0,0,0,0,,59.0,259,70,25,15,2,11,0,2,2,1,48,https://www.fangraphs.com/statss.aspx?playerid=5372,2007,5372,R,1.0,False
Madison Bumgarner,SFG,A,18,15,3,1.46,24,24,1,1,0,0,,141.2,548,111,28,23,3,21,0,5,3,2,164,https://www.fangraphs.com/statss.aspx?playerid=5524,2008,5524,A,0.8275862068965517,True
Tommy Hanson,ATL,"A+,AA",21,11,5,2.41,25,25,1,1,0,0,,138.0,558,85,45,37,9,52,0,14,10,0,163,https://www.fangraphs.com/statss.aspx?playerid=9129,2008,9129,AA,0.6944444444444444,True
Jeremy Hellickson,TBR,"A+,AA",21,11,5,2.96,27,27,0,0,0,0,,152.0,604,148,55,50,22,20,1,6,4,1,162,https://www.fangraphs.com/statss.aspx?playerid=4371,2008,4371,AA,0.75,False
Jhoulys Chacín,COL,"A,A+",20,18,3,2.03,28,28,2,0,0,0,,177.2,711,143,50,40,6,42,0,16,12,0,160,https://www.fangraphs.com/statss.aspx?playerid=2608,2008,2608,A+,0.9655172413793104,False
Derek Holland,TEX,"A,A+,AA",21,13,1,2.27,26,26,0,0,0,0,,150.2,584,111,46,38,3,40,0,3,4,1,157,https://www.fangraphs.com/statss.aspx?playerid=4141,2008,4141,AA,0.7222222222222222,False
Carlos Carrasco,PHI,"AA,AAA",21,9,9,3.69,26,25,1,0,0,0,,151.1,648,146,73,62,14,58,1,7,10,2,155,https://www.fangraphs.com/statss.aspx?playerid=6632,2008,6632,AAA,0.8387096774193549,False
Chris Tillman,BAL,AA,20,11,4,3.18,28,28,0,0,0,0,,135.2,580,115,53,48,10,65,1,4,10,0,154,https://www.fangraphs.com/statss.aspx?playerid=5279,2008,5279,AA,0.7777777777777778,False
J.A. Happ,PHI,AAA,25,8,7,3.6,24,23,0,0,0,0,,135.0,552,116,58,54,14,48,0,1,4,0,151,https://www.fangraphs.com/statss.aspx?playerid=7410,2008,7410,AAA,0.7741935483870968,True
Corey Kluber,SDP,"A,A+",22,6,8,4.9,29,26,0,0,0,0,,141.1,611,142,87,77,17,47,1,8,9,0,147,https://www.fangraphs.com/statss.aspx?playerid=2429,2008,2429,A+,1.0,False
Jonathon Niese,NYM,"AA,AAA",21,11,8,3.13,29,29,2,1,0,0,,164.0,688,152,68,57,9,58,0,4,8,0,144,https://www.fangraphs.com/statss.aspx?playerid=4424,2008,4424,AAA,0.9354838709677419,False
James McDonald,LAD,"AA,AAA",23,7,4,3.26,27,26,0,0,0,0,,141.0,586,115,56,51,15,53,2,9,4,2,141,https://www.fangraphs.com/statss.aspx?playerid=5523,2008,5523,AAA,0.8709677419354839,False
Wade LeBlanc,SDP,AAA,23,11,9,5.32,26,25,0,0,0,0,,138.2,587,136,85,82,21,42,0,7,2,0,139,https://www.fangraphs.com/statss.aspx?playerid=5221,2008,5221,AAA,0.8387096774193549,False
Felix Doubront,BOS,"A,A+",20,13,9,3.69,26,26,0,0,0,0,,129.1,534,130,59,53,10,28,0,4,5,0,138,https://www.fangraphs.com/statss.aspx?playerid=1478,2008,1478,A+,0.896551724137931,False
Trevor Cahill,OAK,"A+,AA",20,11,5,2.61,21,19,0,0,0,0,,124.1,495,76,44,36,5,50,0,11,12,0,136,https://www.fangraphs.com/statss.aspx?playerid=6249,2008,6249,AA,0.5833333333333334,True
Wade Davis,TBR,"AA,AAA",22,13,8,3.47,28,28,0,0,0,0,,160.2,676,143,65,62,12,66,2,13,4,0,136,https://www.fangraphs.com/statss.aspx?playerid=7441,2008,7441,AAA,0.9032258064516129,False
Jordan Zimmermann,WSN,"A+,AA",22,10,3,2.89,25,24,0,0,1,0,,134.0,538,104,48,43,10,47,2,3,2,1,134,https://www.fangraphs.com/statss.aspx?playerid=4505,2008,4505,AA,0.6944444444444444,True
Brett Cecil,TOR,"A+,AA,AAA",21,8,5,2.88,28,28,0,0,0,0,,118.2,497,100,43,38,6,41,0,5,4,0,129,https://www.fangraphs.com/statss.aspx?playerid=2660,2008,2660,AAA,0.9032258064516129,False
Michael Pineda,SEA,A,19,8,6,1.95,26,21,1,1,0,0,,138.1,551,109,38,30,7,35,0,5,6,3,128,https://www.fangraphs.com/statss.aspx?playerid=5372,2008,5372,A,0.896551724137931,False
Gio González,OAK,AAA,22,8,7,4.24,23,22,1,0,0,0,,123.0,524,106,65,58,12,61,1,2,5,0,128,https://www.fangraphs.com/statss.aspx?playerid=7448,2008,7448,AAA,0.7419354838709677,True
Jeff Niemann,TBR,AAA,25,9,5,3.59,24,24,3,1,0,0,,133.0,547,101,60,53,15,50,0,5,2,0,128,https://www.fangraphs.com/statss.aspx?playerid=8591,2008,8591,AAA,0.7741935483870968,True
Chris Narveson,MIL,AAA,26,6,13,5.43,28,22,0,0,0,0,,136.0,600,140,90,82,23,57,0,4,9,0,125,https://www.fangraphs.com/statss.aspx?playerid=2141,2008,2141,AAA,0.9032258064516129,False
Scott Diamond,ATL,"A,A+",21,15,3,2.89,26,24,1,1,0,0,,152.2,635,142,62,49,8,39,0,5,7,0,123,https://www.fangraphs.com/statss.aspx?playerid=5089,2008,5089,A+,0.896551724137931,False
Josh Collmenter,ARI,A,22,12,8,3.41,27,27,0,0,0,0,,145.1,606,126,62,55,8,47,0,6,3,0,123,https://www.fangraphs.com/statss.aspx?playerid=7312,2008,7312,A,0.9310344827586207,False
Francisco Liriano,MIN,"A+,AAA",24,10,3,3.43,20,20,0,0,0,0,,123.1,504,108,48,47,8,33,1,3,4,0,121,https://www.fangraphs.com/statss.aspx?playerid=3201,2008,3201,AAA,0.6451612903225806,True
Jake Arrieta,BAL,A+,22,6,5,2.87,20,20,0,0,0,0,,113.0,463,80,44,36,7,51,0,6,3,1,120,https://www.fangraphs.com/statss.aspx?playerid=4153,2008,4153,A+,0.6896551724137931,True
Kris Medlen,ATL,AA,22,7,8,3.52,36,17,0,0,1,1,,120.1,491,121,47,47,8,27,2,5,3,0,120,https://www.fangraphs.com/statss.aspx?playerid=9417,2008,9417,AA,1.0,False
Marco Estrada,WSN,"AA,AAA",24,9,6,3.09,25,25,1,1,0,0,,139.2,595,135,55,48,8,53,2,6,0,1,119,https://www.fangraphs.com/statss.aspx?playerid=1118,2008,1118,AAA,0.8064516129032258,True
Jarrod Parker,ARI,A,19,12,5,3.44,24,24,0,0,0,0,,117.2,502,113,56,45,8,33,0,7,8,0,117,https://www.fangraphs.com/statss.aspx?playerid=4913,2008,4913,A,0.8275862068965517,True
Ricky Romero,TOR,"AA,AAA",23,8,8,4.55,28,28,1,0,0,0,,164.1,724,181,87,83,12,75,0,8,13,1,116,https://www.fangraphs.com/statss.aspx?playerid=3403,2008,3403,AAA,0.9032258064516129,False
Ross Detwiler,WSN,A+,22,8,8,4.86,26,26,0,0,0,0,,124.0,559,140,72,67,8,57,0,7,3,0,114,https://www.fangraphs.com/statss.aspx?playerid=2859,2008,2859,A+,0.896551724137931,False
Dillon Gee,NYM,"A+,AA",22,10,6,2.92,25,25,0,0,0,0,,154.1,611,135,53,50,7,24,0,10,3,0,114,https://www.fangraphs.com/statss.aspx?playerid=7396,2008,7396,AA,0.6944444444444444,True
Jeff Locke,ATL,A,20,5,12,4.06,25,24,1,0,0,0,,139.2,610,150,75,63,6,38,0,4,8,1,113,https://www.fangraphs.com/statss.aspx?playerid=2929,2008,2929,A,0.8620689655172413,True
Iván Nova,NYY,A+,21,8,13,4.36,26,24,0,0,0,0,,148.2,637,168,81,72,6,46,2,9,12,1,109,https://www.fangraphs.com/statss.aspx?playerid=1994,2008,1994,A+,0.896551724137931,False
Chris Archer,CLE,A,19,4,8,4.29,27,27,0,0,0,0,,115.1,521,92,64,55,8,84,0,11,18,0,106,https://www.fangraphs.com/statss.aspx?playerid=6345,2008,6345,A,0.9310344827586207,False
Philip Humber,MIN,AAA,25,10,8,4.56,31,23,2,0,0,0,,136.1,593,145,76,69,21,49,1,6,6,0,106,https://www.fangraphs.com/statss.aspx?playerid=8586,2008,8586,AAA,1.0,False
Doug Fister,SEA,AA,24,6,14,5.43,31,23,0,0,0,1,,134.1,602,155,95,81,12,45,0,11,4,2,104,https://www.fangraphs.com/statss.aspx?playerid=9425,2008,9425,AA,0.8611111111111112,False
Randy Wells,CHC,AAA,25,10,4,4.02,27,19,0,0,0,1,,118.2,513,127,64,53,15,34,1,1,3,0,102,https://www.fangraphs.com/statss.aspx?playerid=4535,2008,4535,AAA,0.8709677419354839,False
Eric Stults,LAD,AAA,28,7,7,3.82,20,20,0,0,0,0,,117.2,497,118,53,50,14,35,0,1,6,0,102,https://www.fangraphs.com/statss.aspx?playerid=8011,2008,8011,AAA,0.6451612903225806,True
Travis Wood,CIN,"A+,AA",21,7,13,5.47,26,26,0,0,0,0,,126.2,579,130,85,77,11,69,3,13,6,2,99,https://www.fangraphs.com/statss.aspx?playerid=9884,2008,9884,AA,0.7222222222222222,False
Alex Cobb,TBR,A,20,9,7,3.29,25,25,0,0,0,0,,139.2,560,113,59,51,16,35,0,16,3,2,97,https://www.fangraphs.com/statss.aspx?playerid=6562,2008,6562,A,0.8620689655172413,True
Daniel Hudson,CHW,R,21,5,4,3.36,14,14,0,0,0,0,,69.2,283,52,30,26,6,22,0,3,3,0,90,https://www.fangraphs.com/statss.aspx?playerid=7146,2008,7146,R,1.0,False
Brad Bergesen,BAL,"A+,AA",22,16,7,3.1,28,26,3,2,0,0,,165.1,676,158,65,57,13,33,0,4,5,0,87,https://www.fangraphs.com/statss.aspx?playerid=8375,2008,8375,AA,0.7777777777777778,False
Clayton Richard,CHW,"AA,AAA",24,12,6,2.47,20,20,2,1,0,0,,127.2,494,99,41,35,5,20,0,5,3,2,86,https://www.fangraphs.com/statss.aspx?playerid=3551,2008,3551,AAA,0.6451612903225806,True
Matt Moore,TBR,R,19,2,2,1.66,12,12,0,0,0,0,,54.1,221,30,22,10,0,19,0,4,4,0,77,https://www.fangraphs.com/statss.aspx?playerid=1890,2008,1890,R,0.8571428571428571,True
Rick Porcello,DET,A+,19,8,6,2.66,24,24,0,0,0,0,,125.0,527,116,51,37,7,33,0,11,3,0,72,https://www.fangraphs.com/statss.aspx?playerid=2717,2008,2717,A+,0.8275862068965517,True
Tom Koehler,FLA,A-,22,5,5,3.68,15,13,0,0,0,0,,66.0,297,66,33,27,0,29,0,10,3,0,58,https://www.fangraphs.com/statss.aspx?playerid=6570,2008,6570,A-,0.5172413793103449,True
Martín Pérez,TEX,A-,17,1,2,3.65,15,15,0,0,0,0,,61.2,277,66,32,25,3,28,0,2,4,2,53,https://www.fangraphs.com/statss.aspx?playerid=6902,2008,6902,A-,0.5172413793103449,True
Erasmo Ramírez,SEA,R,18,4,1,2.86,13,11,1,0,0,0,,63.0,257,67,23,20,2,9,3,2,5,2,46,https://www.fangraphs.com/statss.aspx?playerid=10314,2008,10314,R,0.9285714285714286,False
Danny Salazar,CLE,R,18,4,2,2.87,11,11,0,0,0,0,,53.1,218,46,19,17,5,13,0,3,1,1,43,https://www.fangraphs.com/statss.aspx?playerid=5867,2008,5867,R,0.7857142857142857,True
Matt Moore,TBR,A,20,8,5,3.15,26,26,0,0,0,0,,123.0,522,86,51,43,6,70,0,6,13,0,176,https://www.fangraphs.com/statss.aspx?playerid=1890,2009,1890,A,0.9629629629629629,False
Jordan Lyles,HOU,A,18,7,11,3.24,26,26,0,0,0,0,,144.2,601,134,56,52,5,38,1,14,6,0,167,https://www.fangraphs.com/statss.aspx?playerid=7593,2009,7593,A,0.9629629629629629,False
Daniel Hudson,CHW,"A,A+,AA,AAA",22,14,5,2.32,26,26,1,0,0,0,,147.1,577,105,45,38,5,34,0,10,3,0,166,https://www.fangraphs.com/statss.aspx?playerid=7146,2009,7146,AAA,0.7428571428571429,False
Corey Kluber,SDP,"A+,AA",23,9,13,4.56,28,28,0,0,0,0,,154.0,679,155,90,78,14,70,0,8,9,1,159,https://www.fangraphs.com/statss.aspx?playerid=2429,2009,2429,AA,1.0,False
Josh Collmenter,ARI,A+,23,8,10,4.15,27,27,1,0,0,0,,145.1,612,127,76,67,8,55,0,8,9,0,152,https://www.fangraphs.com/statss.aspx?playerid=7312,2009,7312,A+,1.0,False
Jake Arrieta,BAL,"AA,AAA",23,11,11,3.4,28,28,2,2,0,0,,150.2,645,142,67,57,13,56,0,13,6,0,148,https://www.fangraphs.com/statss.aspx?playerid=4153,2009,4153,AAA,0.8,False
Carlos Carrasco,CLE,AAA,22,11,10,4.64,26,26,0,0,0,0,,157.0,667,149,91,81,17,45,0,7,5,0,148,https://www.fangraphs.com/statss.aspx?playerid=6632,2009,6632,AAA,0.7428571428571429,False
Wade Davis,TBR,AAA,23,10,8,3.4,28,28,0,0,0,0,,158.2,673,139,71,60,14,60,1,6,7,0,140,https://www.fangraphs.com/statss.aspx?playerid=7441,2009,7441,AAA,0.8,False
Travis Wood,CIN,"AA,AAA",22,13,5,1.77,27,27,1,1,0,0,,167.2,658,121,40,33,6,53,0,6,0,0,135,https://www.fangraphs.com/statss.aspx?playerid=9884,2009,9884,AAA,0.7714285714285715,False
Danny Duffy,KCR,A+,20,9,3,2.98,24,24,1,0,0,0,,126.2,516,108,49,42,6,41,0,1,8,1,125,https://www.fangraphs.com/statss.aspx?playerid=3542,2009,3542,A+,0.8888888888888888,True
Josh Tomlin,CLE,AA,24,14,9,4.16,26,25,0,0,0,0,,145.0,601,149,81,67,21,27,1,7,3,0,125,https://www.fangraphs.com/statss.aspx?playerid=9388,2009,9388,AA,0.9285714285714286,False
Lance Lynn,STL,"A+,AA,AAA",22,11,4,2.85,28,25,0,0,0,0,,148.2,624,138,57,47,5,57,0,4,6,0,124,https://www.fangraphs.com/statss.aspx?playerid=2520,2009,2520,AAA,0.8,False
Martín Pérez,TEX,"A,AA",18,6,8,2.9,27,19,0,0,1,0,,114.2,486,111,51,37,5,38,0,1,6,5,119,https://www.fangraphs.com/statss.aspx?playerid=6902,2009,6902,AA,0.9642857142857143,False
Hector Noesí,NYY,"A,A+",22,6,4,2.92,26,20,0,0,0,0,,117.0,458,96,42,38,6,15,0,1,2,1,118,https://www.fangraphs.com/statss.aspx?playerid=3292,2009,3292,A+,0.9629629629629629,False
Ramon Ortiz,SFG,AAA,36,5,6,3.05,35,16,2,1,0,0,,129.2,540,124,53,44,11,34,0,0,2,1,114,https://www.fangraphs.com/statss.aspx?playerid=27,2009,27,AAA,1.0,False
Tyson Ross,OAK,"A+,AA",22,10,10,4.09,27,27,1,0,0,0,,136.1,581,118,71,62,13,53,1,9,9,0,113,https://www.fangraphs.com/statss.aspx?playerid=7872,2009,7872,AA,0.9642857142857143,False
Bud Norris,HOU,AAA,24,4,9,2.63,19,19,0,0,0,0,,120.0,509,104,42,35,6,53,4,4,4,0,112,https://www.fangraphs.com/statss.aspx?playerid=9492,2009,9492,AAA,0.5428571428571428,True
Scott Diamond,ATL,AA,22,5,10,3.5,23,23,0,0,0,0,,131.0,583,152,68,51,5,53,0,2,4,0,111,https://www.fangraphs.com/statss.aspx?playerid=5089,2009,5089,AA,0.8214285714285714,True
Alex Cobb,TBR,A+,21,8,5,3.03,24,23,0,0,0,0,,124.2,515,116,49,42,6,31,1,9,8,2,107,https://www.fangraphs.com/statss.aspx?playerid=6562,2009,6562,A+,0.8888888888888888,True
Tom Koehler,FLA,"A,A+",23,9,6,3.25,24,24,0,0,0,0,,133.0,564,123,52,48,9,48,0,13,9,1,107,https://www.fangraphs.com/statss.aspx?playerid=6570,2009,6570,A+,0.8888888888888888,True
Tommy Milone,WSN,A+,22,12,5,2.91,27,25,0,0,0,0,,151.1,611,144,57,49,9,36,2,5,8,1,106,https://www.fangraphs.com/statss.aspx?playerid=7608,2009,7608,A+,1.0,False
Wade Miley,ARI,"A,A+",22,6,10,4.2,24,24,0,0,0,0,,128.2,545,145,70,60,8,33,0,4,7,0,102,https://www.fangraphs.com/statss.aspx?playerid=8779,2009,8779,A+,0.8888888888888888,True
Felix Doubront,BOS,AA,21,8,6,3.35,26,26,1,1,0,0,,121.0,536,119,59,45,8,52,0,9,3,1,101,https://www.fangraphs.com/statss.aspx?playerid=1478,2009,1478,AA,0.9285714285714286,False
Jeff Locke,ATL,A+,21,5,8,4.59,27,27,0,0,0,0,,127.1,556,145,75,65,5,44,0,6,8,0,99,https://www.fangraphs.com/statss.aspx?playerid=2929,2009,2929,A+,1.0,False
Marco Estrada,WSN,AAA,25,9,5,3.63,27,25,0,0,0,0,,136.1,560,133,61,55,10,33,2,1,5,2,98,https://www.fangraphs.com/statss.aspx?playerid=1118,2009,1118,AAA,0.7714285714285715,False
Jhoulys Chacín,COL,"AA,AAA",21,9,8,3.21,22,22,1,0,0,0,,117.2,495,98,52,42,12,48,0,7,5,1,97,https://www.fangraphs.com/statss.aspx?playerid=2608,2009,2608,AAA,0.6285714285714286,True
Wade LeBlanc,SDP,AAA,24,4,9,3.87,24,20,0,0,0,0,,121.0,498,109,54,52,15,31,0,2,9,0,95,https://www.fangraphs.com/statss.aspx?playerid=5221,2009,5221,AAA,0.6857142857142857,True
Lucas Harrell,CHW,"AA,AAA",24,12,4,3.27,25,25,0,0,0,0,,146.0,614,136,64,53,7,69,0,5,8,1,93,https://www.fangraphs.com/statss.aspx?playerid=7541,2009,7541,AAA,0.7142857142857143,False
Dana Eveland,OAK,AAA,25,8,6,4.94,21,21,0,0,0,0,,124.0,548,133,79,68,12,51,0,5,8,0,92,https://www.fangraphs.com/statss.aspx?playerid=5508,2009,5508,AAA,0.6,True
Madison Bumgarner,SFG,"A+,AA",19,12,2,1.85,25,24,1,1,0,0,,131.1,521,100,38,27,6,34,1,5,4,0,92,https://www.fangraphs.com/statss.aspx?playerid=5524,2009,5524,AA,0.8928571428571429,True
Henderson Alvarez III,TOR,A,19,9,6,3.47,23,23,1,0,0,0,,124.1,515,121,54,48,1,19,0,6,4,3,92,https://www.fangraphs.com/statss.aspx?playerid=5669,2009,5669,A,0.8518518518518519,True
Iván Nova,NYY,"AA,AAA",22,6,8,3.68,24,24,1,0,0,0,,139.1,597,137,66,57,7,59,0,5,9,3,90,https://www.fangraphs.com/statss.aspx?playerid=1994,2009,1994,AAA,0.6857142857142857,True
Clay Hensley,HOU,AAA,29,9,4,3.56,25,20,1,1,0,1,,124.0,521,117,55,49,9,45,0,3,3,0,87,https://www.fangraphs.com/statss.aspx?playerid=4593,2009,4593,AAA,0.7142857142857143,False
Philip Humber,MIN,AAA,26,7,9,5.34,23,22,1,0,0,0,,119.2,539,135,79,71,15,45,3,8,4,0,87,https://www.fangraphs.com/statss.aspx?playerid=8586,2009,8586,AAA,0.6571428571428571,True
Erasmo Ramírez,SEA,R,19,11,1,0.51,14,13,0,0,0,0,,88.0,324,54,10,5,1,5,1,7,4,0,80,https://www.fangraphs.com/statss.aspx?playerid=10314,2009,10314,R,1.0,False
Collin McHugh,NYM,A-,22,8,2,2.76,14,14,1,1,0,0,,75.0,305,61,25,23,1,21,0,5,3,0,79,https://www.fangraphs.com/statss.aspx?playerid=7531,2009,7531,A-,0.5185185185185185,True
Kyle Kendrick,PHI,AAA,24,9,7,3.34,24,24,1,0,0,0,,143.0,584,133,59,53,9,35,1,5,2,2,62,https://www.fangraphs.com/statss.aspx?playerid=6230,2009,6230,AAA,0.6857142857142857,True
Matt Moore,TBR,A+,21,6,11,3.36,26,26,0,0,0,0,,144.2,598,109,62,54,7,61,0,8,10,2,208,https://www.fangraphs.com/statss.aspx?playerid=1890,2010,1890,A+,0.9285714285714286,False
Corey Kluber,CLE,"AA,AAA",24,9,9,3.49,29,28,0,0,0,0,,160.0,696,169,75,62,8,56,0,13,6,0,165,https://www.fangraphs.com/statss.aspx?playerid=2429,2010,2429,AAA,1.0,False
Dillon Gee,NYM,AAA,24,13,8,4.96,28,28,0,0,0,0,,161.1,697,174,96,89,23,41,1,13,3,0,165,https://www.fangraphs.com/statss.aspx?playerid=7396,2010,7396,AAA,0.9655172413793104,False
Julio Teheran,ATL,"A,A+,AA",19,9,8,2.59,24,24,0,0,0,0,,142.2,576,108,45,41,9,40,1,11,6,1,159,https://www.fangraphs.com/statss.aspx?playerid=6797,2010,6797,AA,0.8571428571428571,True
Tommy Milone,WSN,AA,23,12,5,2.85,27,27,2,0,0,0,,158.0,650,161,57,50,10,23,0,4,7,2,155,https://www.fangraphs.com/statss.aspx?playerid=7608,2010,7608,AA,0.9642857142857143,False
Michael Pineda,SEA,"AA,AAA",21,11,4,3.36,25,25,0,0,0,0,,139.1,576,121,56,52,10,34,1,7,2,0,154,https://www.fangraphs.com/statss.aspx?playerid=5372,2010,5372,AAA,0.8620689655172413,True
Hector Noesí,NYY,"A+,AA,AAA",23,14,7,3.2,28,27,3,1,0,0,,160.1,650,148,61,57,11,28,1,5,11,1,153,https://www.fangraphs.com/statss.aspx?playerid=3292,2010,3292,AAA,0.9655172413793104,False
Chris Archer,CHC,"A+,AA",21,15,3,2.34,28,27,0,0,0,0,,142.1,590,102,46,37,6,65,2,5,6,0,149,https://www.fangraphs.com/statss.aspx?playerid=6345,2010,6345,AA,1.0,False
Dan Straily,OAK,A,21,10,7,4.32,28,28,0,0,0,0,,148.0,623,138,75,71,13,61,3,7,10,1,149,https://www.fangraphs.com/statss.aspx?playerid=9460,2010,9460,A,1.0,False
Garrett Richards,LAA,"A,A+",22,12,5,3.52,26,26,2,0,0,0,,143.0,590,130,65,56,10,43,0,4,5,2,149,https://www.fangraphs.com/statss.aspx?playerid=9784,2010,9784,A+,0.9285714285714286,False
Mike Minor,ATL,"AA,AAA",22,6,7,3.44,21,21,0,0,0,0,,120.1,487,93,55,46,9,46,1,1,2,1,146,https://www.fangraphs.com/statss.aspx?playerid=10021,2010,10021,AAA,0.7241379310344828,True
Tom Koehler,FLA,AA,24,16,2,2.61,28,28,0,0,0,0,,158.2,650,140,57,46,11,46,1,8,4,0,145,https://www.fangraphs.com/statss.aspx?playerid=6570,2010,6570,AA,1.0,False
Lance Lynn,STL,AAA,23,13,10,4.77,29,29,0,0,0,0,,164.0,709,164,96,87,21,62,0,8,2,2,141,https://www.fangraphs.com/statss.aspx?playerid=2520,2010,2520,AAA,1.0,False
Jeff Locke,PIT,"A+,AA",22,12,5,3.56,27,27,0,0,0,0,,144.0,596,139,66,57,11,26,0,11,3,1,139,https://www.fangraphs.com/statss.aspx?playerid=2929,2010,2929,AA,0.9642857142857143,False
Jordan Lyles,HOU,"AA,AAA",19,7,12,3.57,27,26,2,0,0,0,,158.2,694,181,75,63,12,46,2,7,3,1,137,https://www.fangraphs.com/statss.aspx?playerid=7593,2010,7593,AAA,0.9310344827586207,False
Patrick Corbin,LAA,"A,A+",20,13,4,3.42,28,28,0,0,0,0,,144.2,582,126,61,55,10,37,0,4,10,1,136,https://www.fangraphs.com/statss.aspx?playerid=9323,2010,9323,A+,1.0,False
Jake Odorizzi,MIL,A,20,7,3,3.43,23,20,0,0,1,1,,120.2,505,99,52,46,7,40,0,9,5,0,135,https://www.fangraphs.com/statss.aspx?playerid=6397,2010,6397,A,0.8214285714285714,True
Carlos Carrasco,CLE,AAA,23,10,6,3.65,25,25,0,0,0,0,,150.1,624,139,69,61,16,46,0,7,1,0,133,https://www.fangraphs.com/statss.aspx?playerid=6632,2010,6632,AAA,0.8620689655172413,True
Josh Collmenter,ARI,"A+,AA,AAA",24,14,6,3.38,25,25,2,1,0,0,,152.0,632,136,62,57,13,51,1,3,7,0,133,https://www.fangraphs.com/statss.aspx?playerid=7312,2010,7312,AAA,0.8620689655172413,True
Dallas Keuchel,HOU,"A+,AA",22,7,14,3.77,28,27,3,0,0,0,,174.1,729,188,90,73,12,36,3,3,3,0,133,https://www.fangraphs.com/statss.aspx?playerid=9434,2010,9434,AA,1.0,False
Mike Fiers,MIL,"A+,AA",25,5,9,3.53,27,19,0,0,1,0,,125.0,511,106,50,49,9,32,0,14,6,0,130,https://www.fangraphs.com/statss.aspx?playerid=7754,2010,7754,AA,0.9642857142857143,False
Collin McHugh,NYM,A,23,7,8,3.33,28,20,0,0,1,1,,132.1,575,139,65,49,7,38,0,12,5,2,129,https://www.fangraphs.com/statss.aspx?playerid=7531,2010,7531,A,1.0,False
Alex Cobb,TBR,AA,22,7,5,2.71,23,22,0,0,0,0,,119.2,504,120,47,36,7,35,1,4,5,0,128,https://www.fangraphs.com/statss.aspx?playerid=6562,2010,6562,AA,0.8214285714285714,True
Jeremy Hellickson,TBR,"A+,AAA",23,12,3,2.72,22,21,0,0,0,0,,119.1,494,107,39,36,5,37,0,7,0,0,127,https://www.fangraphs.com/statss.aspx?playerid=4371,2010,4371,AAA,0.7586206896551724,True
Kyle Gibson,MIN,"A+,AA,AAA",22,11,6,2.96,26,26,2,1,0,0,,152.0,621,136,55,50,7,39,0,7,6,0,126,https://www.fangraphs.com/statss.aspx?playerid=10123,2010,10123,AAA,0.896551724137931,False
Chris Heston,SFG,A,22,5,13,3.75,26,26,1,0,0,0,,148.2,642,161,83,62,6,33,0,9,12,1,124,https://www.fangraphs.com/statss.aspx?playerid=10302,2010,10302,A,0.9285714285714286,False
Scott Diamond,ATL,"AA,AAA",23,8,7,3.46,27,27,1,1,0,0,,158.2,668,166,70,61,6,54,1,3,10,0,123,https://www.fangraphs.com/statss.aspx?playerid=5089,2010,5089,AAA,0.9310344827586207,False
Erasmo Ramírez,SEA,A,20,10,4,2.97,26,23,1,0,1,0,,151.2,611,142,63,50,13,21,0,13,2,0,117,https://www.fangraphs.com/statss.aspx?playerid=10314,2010,10314,A,0.9285714285714286,False
Iván Nova,NYY,AAA,23,12,3,2.86,23,23,0,0,0,0,,145.0,595,135,50,46,10,48,1,2,4,1,115,https://www.fangraphs.com/statss.aspx?playerid=1994,2010,1994,AAA,0.7931034482758621,True
Wade Miley,ARI,"A+,AA",23,9,7,2.65,27,27,1,0,0,0,,153.0,637,141,62,45,6,65,2,2,12,3,113,https://www.fangraphs.com/statss.aspx?playerid=8779,2010,8779,AA,0.9642857142857143,False
Tanner Roark,TEX,AA,23,11,6,3.77,28,23,0,0,0,0,,141.0,596,148,70,59,13,42,0,2,4,1,108,https://www.fangraphs.com/statss.aspx?playerid=8753,2010,8753,AA,1.0,False
Wily Peralta,MIL,"A+,AA",21,8,6,3.79,27,25,0,0,0,0,,147.1,644,145,72,62,10,64,0,10,7,1,104,https://www.fangraphs.com/statss.aspx?playerid=7738,2010,7738,AA,0.9642857142857143,False
Chris Tillman,BAL,AAA,22,11,7,3.34,21,21,2,2,0,0,,121.1,501,120,50,45,10,30,0,2,8,1,94,https://www.fangraphs.com/statss.aspx?playerid=5279,2010,5279,AAA,0.7241379310344828,True
Matt Chico,WSN,"AA,AAA",27,7,9,3.62,26,26,0,0,0,0,,141.2,600,146,67,57,14,41,1,0,10,1,86,https://www.fangraphs.com/statss.aspx?playerid=6068,2010,6068,AAA,0.896551724137931,False
Lucas Harrell,CHW,AAA,25,10,10,4.58,26,26,0,0,0,0,,137.2,602,141,79,70,11,61,1,5,4,1,84,https://www.fangraphs.com/statss.aspx?playerid=7541,2010,7541,AAA,0.896551724137931,False
Philip Humber,KCR,AAA,27,5,6,4.47,21,20,1,1,0,0,,118.2,508,131,68,59,17,20,1,6,2,0,80,https://www.fangraphs.com/statss.aspx?playerid=8586,2010,8586,AAA,0.7241379310344828,True
Carlos Martinez,STL,R,18,3,2,0.76,12,12,1,0,0,0,,59.0,217,28,8,5,1,14,0,6,6,0,78,https://www.fangraphs.com/statss.aspx?playerid=11682,2010,11682,R,0.7058823529411765,True
Henderson Alvarez III,TOR,A+,20,8,7,4.33,23,21,0,0,0,0,,112.1,498,137,65,54,10,27,0,7,5,0,78,https://www.fangraphs.com/statss.aspx?playerid=5669,2010,5669,A+,0.8214285714285714,True
Yordano Ventura,KCR,R,19,4,3,3.08,17,9,0,0,0,1,,64.1,278,58,33,22,3,18,0,8,4,0,71,https://www.fangraphs.com/statss.aspx?playerid=11855,2010,11855,R,1.0,False
José Ureña,FLA,R,18,5,6,2.61,13,13,3,2,0,0,,82.2,333,76,32,24,2,7,0,6,5,0,66,https://www.fangraphs.com/statss.aspx?playerid=11589,2010,11589,R,0.7647058823529411,False
Eduardo Rodriguez,BAL,R,17,3,4,2.33,12,12,1,1,0,0,,65.2,263,49,26,17,0,28,0,0,7,1,62,https://www.fangraphs.com/statss.aspx?playerid=13164,2010,13164,R,0.7058823529411765,True
Luis Mendoza,KCR,AAA,26,10,9,4.09,24,22,0,0,0,0,,132.0,558,145,66,60,13,32,0,7,1,0,59,https://www.fangraphs.com/statss.aspx?playerid=3126,2010,3126,AAA,0.8275862068965517,True
Matt Moore,TBR,"AA,AAA",22,12,3,1.92,27,27,1,1,0,0,,155.0,604,101,39,33,11,46,0,6,7,1,210,https://www.fangraphs.com/statss.aspx?playerid=1890,2011,1890,AAA,0.7941176470588235,False
Chad Bettis,COL,A+,22,12,5,3.34,27,27,0,0,0,0,,169.2,690,142,72,63,10,45,0,8,10,1,184,https://www.fangraphs.com/statss.aspx?playerid=10587,2011,10587,A+,0.9642857142857143,False
Drew Hutchison,TOR,"A,A+,AA",20,14,5,2.53,28,27,0,0,0,0,,149.1,598,120,51,42,4,35,1,9,6,0,171,https://www.fangraphs.com/statss.aspx?playerid=10732,2011,10732,AA,1.0,False
Shelby Miller,STL,"A+,AA",20,11,6,2.77,25,25,0,0,0,0,,139.2,574,112,48,43,4,53,0,5,9,2,170,https://www.fangraphs.com/statss.aspx?playerid=10197,2011,10197,AA,0.8928571428571429,True
Jake Odorizzi,KCR,"A+,AA",21,10,7,3.73,27,27,0,0,0,0,,147.0,601,134,68,61,17,44,0,3,7,0,157,https://www.fangraphs.com/statss.aspx?playerid=6397,2011,6397,AA,0.9642857142857143,False
Wily Peralta,MIL,"AA,AAA",22,11,7,3.17,26,26,1,0,0,0,,150.2,618,127,64,53,9,59,0,5,9,0,157,https://www.fangraphs.com/statss.aspx?playerid=7738,2011,7738,AAA,0.7647058823529411,True
A.J. Griffin,OAK,"A,A+,AA,AAA",23,11,7,3.47,27,27,0,0,0,0,,160.2,655,145,68,62,17,32,0,6,3,1,156,https://www.fangraphs.com/statss.aspx?playerid=11132,2011,11132,AAA,0.7941176470588235,False
Matt Harvey,NYM,"A+,AA",22,13,5,3.32,26,26,0,0,0,0,,135.2,567,125,56,50,9,47,0,5,6,0,156,https://www.fangraphs.com/statss.aspx?playerid=11713,2011,11713,AA,0.9285714285714286,False
Tommy Milone,WSN,AAA,24,12,6,3.22,24,24,0,0,0,0,,148.1,588,137,55,53,9,16,0,1,3,2,155,https://www.fangraphs.com/statss.aspx?playerid=7608,2011,7608,AAA,0.7058823529411765,True
Dan Straily,OAK,A+,22,11,9,3.87,28,26,0,0,0,0,,160.2,683,160,78,69,10,40,0,14,5,0,154,https://www.fangraphs.com/statss.aspx?playerid=9460,2011,9460,A+,1.0,False
Corey Kluber,CLE,AAA,25,7,11,5.56,27,27,0,0,0,0,,150.2,667,153,101,93,19,70,0,8,12,0,143,https://www.fangraphs.com/statss.aspx?playerid=2429,2011,2429,AAA,0.7941176470588235,False
Patrick Corbin,ARI,AA,21,9,8,4.21,26,26,1,1,0,0,,160.1,688,172,78,75,15,40,0,12,16,1,142,https://www.fangraphs.com/statss.aspx?playerid=9323,2011,9323,AA,0.9285714285714286,False
Jeff Locke,PIT,"AA,AAA",23,8,10,3.7,28,27,0,0,0,0,,153.1,649,143,76,63,10,55,1,8,10,1,139,https://www.fangraphs.com/statss.aspx?playerid=2929,2011,2929,AAA,0.8235294117647058,False
Collin McHugh,NYM,"A+,AA",24,9,4,3.84,27,22,1,0,3,0,,129.0,558,125,59,55,5,46,3,9,9,2,139,https://www.fangraphs.com/statss.aspx?playerid=7531,2011,7531,AA,0.9642857142857143,False
Mike Fiers,MIL,"AA,AAA",26,13,3,1.86,34,18,1,1,5,1,,126.0,504,83,39,26,11,36,0,5,2,2,132,https://www.fangraphs.com/statss.aspx?playerid=7754,2011,7754,AAA,1.0,False
Chris Heston,SFG,A+,23,12,4,3.16,24,24,1,0,0,0,,151.0,614,144,64,53,10,40,1,8,7,0,131,https://www.fangraphs.com/statss.aspx?playerid=10302,2011,10302,A+,0.8571428571428571,True
Drew Smyly,DET,"A+,AA",22,11,6,2.07,22,21,0,0,0,0,,126.0,501,103,42,29,2,36,0,4,7,0,130,https://www.fangraphs.com/statss.aspx?playerid=11760,2011,11760,AA,0.7857142857142857,True
Chris Archer,TBR,"AA,AAA",22,9,7,4.09,27,27,0,0,0,0,,147.1,667,147,77,67,11,86,1,10,18,0,130,https://www.fangraphs.com/statss.aspx?playerid=6345,2011,6345,AAA,0.7941176470588235,False
Zack Wheeler,SFG,A+,21,9,7,3.52,22,22,0,0,0,0,,115.0,495,100,50,45,7,52,1,6,9,0,129,https://www.fangraphs.com/statss.aspx?playerid=10310,2011,10310,A+,0.7857142857142857,True
Julio Teheran,ATL,AAA,20,15,3,2.55,25,24,0,0,0,0,,144.2,590,123,46,41,5,48,2,5,3,1,122,https://www.fangraphs.com/statss.aspx?playerid=6797,2011,6797,AAA,0.7352941176470589,True
Jimmy Nelson,MIL,A,22,8,9,4.38,26,25,1,0,0,0,,146.0,630,146,81,71,9,65,0,6,13,1,120,https://www.fangraphs.com/statss.aspx?playerid=10547,2011,10547,A,0.9285714285714286,False
Martín Pérez,TEX,"AA,AAA",20,8,6,4.33,27,26,1,1,0,0,,137.1,605,152,73,66,10,56,0,1,10,6,120,https://www.fangraphs.com/statss.aspx?playerid=6902,2011,6902,AAA,0.7941176470588235,False
Héctor Santiago,CHW,"A+,AA",23,9,8,3.6,23,23,0,0,0,0,,127.1,531,109,52,51,11,53,1,7,9,3,117,https://www.fangraphs.com/statss.aspx?playerid=4026,2011,4026,AA,0.8214285714285714,True
Erasmo Ramírez,SEA,"AA,AAA",21,10,8,4.83,26,26,0,0,0,0,,152.2,665,178,101,82,14,32,0,10,5,0,116,https://www.fangraphs.com/statss.aspx?playerid=10314,2011,10314,AAA,0.7647058823529411,True
Tom Koehler,FLA,AAA,25,12,7,4.97,28,28,0,0,0,0,,150.1,664,144,90,83,18,79,1,5,4,1,116,https://www.fangraphs.com/statss.aspx?playerid=6570,2011,6570,AAA,0.8235294117647058,False
Jarrod Parker,ARI,AA,22,11,8,3.79,26,26,0,0,0,0,,130.2,550,112,61,55,7,55,0,11,8,3,112,https://www.fangraphs.com/statss.aspx?playerid=4913,2011,4913,AA,0.9285714285714286,False
Dana Eveland,LAD,AAA,27,12,8,4.38,25,25,2,1,0,0,,154.0,666,151,83,75,11,61,0,11,8,0,107,https://www.fangraphs.com/statss.aspx?playerid=5508,2011,5508,AAA,0.7352941176470589,True
Garrett Richards,LAA,AA,23,12,2,3.15,22,21,3,0,0,0,,143.0,579,123,58,50,10,40,0,8,7,0,103,https://www.fangraphs.com/statss.aspx?playerid=9784,2011,9784,AA,0.7857142857142857,True
Wade Miley,ARI,"AA,AAA",24,8,3,4.3,22,22,1,0,0,0,,129.2,548,127,72,62,10,44,0,3,6,4,102,https://www.fangraphs.com/statss.aspx?playerid=8779,2011,8779,AAA,0.6470588235294118,True
Jarred Cosart,HOU,"A+,AA",21,10,10,4.12,27,26,0,0,0,0,,144.1,618,131,75,66,11,56,1,8,14,1,101,https://www.fangraphs.com/statss.aspx?playerid=10304,2011,10304,AA,0.9642857142857143,False
Jeff Suppan,KCR,AAA,36,11,8,4.78,28,27,2,1,0,0,,165.2,720,186,94,88,23,51,1,5,4,0,94,https://www.fangraphs.com/statss.aspx?playerid=633,2011,633,AAA,0.8235294117647058,False
Lucas Harrell,HOU,AAA,26,12,5,2.63,22,21,0,0,0,0,,126.2,526,109,40,37,6,50,3,3,6,0,94,https://www.fangraphs.com/statss.aspx?playerid=7541,2011,7541,AAA,0.6470588235294118,True
Tanner Roark,WSN,AA,24,9,9,4.69,21,21,0,0,0,0,,117.0,502,125,64,61,10,39,3,4,6,0,92,https://www.fangraphs.com/statss.aspx?playerid=8753,2011,8753,AA,0.75,True
Dallas Keuchel,HOU,"AA,AAA",23,10,8,4.12,27,27,1,1,0,0,,163.2,678,168,79,75,14,39,1,4,6,1,91,https://www.fangraphs.com/statss.aspx?playerid=9434,2011,9434,AAA,0.7941176470588235,False
Scott Diamond,MIN,AAA,24,4,14,5.56,23,23,2,0,0,0,,123.0,553,158,85,76,11,36,2,1,4,1,90,https://www.fangraphs.com/statss.aspx?playerid=5089,2011,5089,AAA,0.6764705882352942,True
Mike Foltynewicz,HOU,A,19,5,11,4.97,26,26,0,0,0,0,,134.0,581,149,84,74,10,51,0,7,8,1,88,https://www.fangraphs.com/statss.aspx?playerid=10811,2011,10811,A,0.9285714285714286,False
Luis Mendoza,KCR,AAA,27,12,5,2.18,33,18,1,1,2,2,,144.1,598,126,52,35,5,54,4,7,10,0,81,https://www.fangraphs.com/statss.aspx?playerid=3126,2011,3126,AAA,0.9705882352941176,False
Merrill Kelly,TBR,A+,22,8,7,3.28,25,23,0,0,0,0,,129.0,543,117,52,47,6,51,1,7,4,3,70,https://www.fangraphs.com/statss.aspx?playerid=11156,2011,11156,A+,0.8928571428571429,False
José Ureña,FLA,A-,19,4,7,4.33,15,15,0,0,0,0,,72.2,315,74,38,35,4,29,0,3,1,2,48,https://www.fangraphs.com/statss.aspx?playerid=11589,2011,11589,A-,0.5357142857142857,True
Dan Straily,OAK,"AA,AAA",23,9,7,2.78,25,25,0,0,0,0,,152.0,602,110,51,47,9,42,1,6,9,0,190,https://www.fangraphs.com/statss.aspx?playerid=9460,2012,9460,AAA,0.8928571428571429,True
Shelby Miller,STL,AAA,21,11,10,4.74,27,27,0,0,0,0,,136.2,599,138,78,72,24,50,0,11,0,0,160,https://www.fangraphs.com/statss.aspx?playerid=10197,2012,10197,AAA,0.9642857142857143,False
José Fernández,MIA,"A,A+",19,14,1,1.75,25,25,0,0,0,0,,134.0,513,89,28,26,2,35,0,5,5,4,158,https://www.fangraphs.com/statss.aspx?playerid=11530,2012,11530,A+,0.9615384615384616,False
Trevor Bauer,ARI,"AA,AAA",21,12,2,2.42,22,22,1,0,0,0,,130.1,548,107,40,35,9,61,0,2,20,0,157,https://www.fangraphs.com/statss.aspx?playerid=12703,2012,12703,AAA,0.7857142857142857,True
Zack Wheeler,NYM,"AA,AAA",22,12,8,3.26,25,25,2,2,0,0,,149.0,608,115,59,54,4,59,0,12,8,1,148,https://www.fangraphs.com/statss.aspx?playerid=10310,2012,10310,AAA,0.8928571428571429,True
Wily Peralta,MIL,AAA,23,7,11,4.66,28,28,1,0,0,0,,146.2,652,154,79,76,9,78,1,9,9,1,143,https://www.fangraphs.com/statss.aspx?playerid=7738,2012,7738,AAA,1.0,False
Chris Archer,TBR,AAA,23,7,9,3.66,25,25,0,0,0,0,,128.0,531,99,54,52,6,62,0,7,12,1,139,https://www.fangraphs.com/statss.aspx?playerid=6345,2012,6345,AAA,0.8928571428571429,True
Tom Koehler,MIA,AAA,26,12,11,4.17,28,27,0,0,0,1,,151.0,658,154,80,70,15,61,3,6,2,2,138,https://www.fangraphs.com/statss.aspx?playerid=6570,2012,6570,AAA,1.0,False
Gerrit Cole,PIT,"A+,AA,AAA",21,9,7,2.8,26,26,0,0,0,0,,132.0,549,113,55,41,7,45,0,5,6,2,136,https://www.fangraphs.com/statss.aspx?playerid=13125,2012,13125,AAA,0.9285714285714286,False
Chris Heston,SFG,AA,24,9,8,2.24,25,25,1,0,0,0,,148.2,595,124,43,37,2,40,1,4,12,0,135,https://www.fangraphs.com/statss.aspx?playerid=10302,2012,10302,AA,0.9615384615384616,False
Jake Odorizzi,KCR,"AA,AAA",22,15,5,3.03,26,25,0,0,0,0,,145.1,612,132,56,49,14,50,0,2,7,0,135,https://www.fangraphs.com/statss.aspx?playerid=6397,2012,6397,AAA,0.9285714285714286,False
Collin McHugh,NYM,"AA,AAA",25,7,9,2.91,25,25,0,0,0,0,,148.1,615,123,53,48,12,46,0,7,8,0,135,https://www.fangraphs.com/statss.aspx?playerid=7531,2012,7531,AAA,0.8928571428571429,True
Jeff Locke,PIT,AAA,24,10,5,2.48,24,24,0,0,0,0,,141.2,585,126,42,39,9,43,1,7,2,0,131,https://www.fangraphs.com/statss.aspx?playerid=2929,2012,2929,AAA,0.8571428571428571,True
Tanner Roark,WSN,AAA,25,6,17,4.39,28,26,1,0,0,0,,147.2,645,161,89,72,14,47,3,11,5,0,130,https://www.fangraphs.com/statss.aspx?playerid=8753,2012,8753,AAA,1.0,False
Roenis Elías,SEA,A+,23,11,6,3.76,26,26,0,0,0,0,,148.1,613,136,80,62,19,41,0,8,2,8,128,https://www.fangraphs.com/statss.aspx?playerid=12673,2012,12673,A+,1.0,False
Corey Kluber,CLE,AAA,26,11,7,3.59,21,21,1,0,0,0,,125.1,545,121,62,50,9,49,3,5,6,0,128,https://www.fangraphs.com/statss.aspx?playerid=2429,2012,2429,AAA,0.75,True
Mike Foltynewicz,HOU,A,20,14,4,3.14,27,27,0,0,0,0,,152.0,653,145,65,53,11,62,0,5,6,0,125,https://www.fangraphs.com/statss.aspx?playerid=10811,2012,10811,A,1.0384615384615385,False
Kyle Hendricks,CHC,A+,22,6,8,2.99,25,24,2,0,0,0,,147.2,590,140,57,49,11,18,0,7,4,1,123,https://www.fangraphs.com/statss.aspx?playerid=12049,2012,12049,A+,0.9615384615384616,False
Jimmy Nelson,MIL,"A+,AA",23,6,8,2.83,23,23,1,0,0,0,,127.1,539,97,49,40,5,62,0,8,9,0,119,https://www.fangraphs.com/statss.aspx?playerid=10547,2012,10547,AA,0.8846153846153846,True
Taijuan Walker,SEA,AA,19,7,10,4.69,25,25,0,0,0,0,,126.2,550,124,70,66,12,50,0,12,5,0,118,https://www.fangraphs.com/statss.aspx?playerid=11836,2012,11836,AA,0.9615384615384616,False
Jameson Taillon,PIT,"A+,AA",20,9,8,3.55,26,26,2,0,0,0,,142.0,584,120,60,56,10,38,0,6,14,0,116,https://www.fangraphs.com/statss.aspx?playerid=11674,2012,11674,AA,1.0,False
Greg Smith,LAA,"AA,AAA",28,11,11,4.05,28,27,1,0,0,0,,173.1,728,180,86,78,23,45,0,4,6,3,106,https://www.fangraphs.com/statss.aspx?playerid=3455,2012,3455,AAA,1.0,False
Ramon Ortiz,NYY,AAA,39,13,6,3.45,27,27,1,0,0,0,,169.1,694,167,75,65,18,37,0,5,2,0,104,https://www.fangraphs.com/statss.aspx?playerid=27,2012,27,AAA,0.9642857142857143,False
José Ureña,MIA,A,20,9,6,3.38,27,22,1,0,2,1,,138.1,572,143,67,52,13,29,0,1,7,2,101,https://www.fangraphs.com/statss.aspx?playerid=11589,2012,11589,A,1.0384615384615385,False
Sonny Gray,OAK,"AA,AAA",22,6,9,4.26,27,27,1,1,0,0,,152.0,653,158,77,72,8,58,0,5,17,1,99,https://www.fangraphs.com/statss.aspx?playerid=12768,2012,12768,AAA,0.9642857142857143,False
Julio Teheran,ATL,AAA,21,7,9,5.08,26,26,1,0,0,0,,131.0,576,146,81,74,18,43,1,15,4,2,97,https://www.fangraphs.com/statss.aspx?playerid=6797,2012,6797,AAA,0.9285714285714286,False
Jacob deGrom,NYM,"A,A+",24,9,3,2.43,19,19,0,0,0,0,,111.1,450,91,38,30,4,20,0,2,5,1,96,https://www.fangraphs.com/statss.aspx?playerid=10954,2012,10954,A+,0.7307692307692307,True
Jarred Cosart,HOU,"AA,AAA",22,6,7,3.3,21,20,0,0,0,0,,114.2,501,109,47,42,3,51,0,8,9,4,92,https://www.fangraphs.com/statss.aspx?playerid=10304,2012,10304,AAA,0.75,True
Anthony DeSclafani,TOR,A,22,11,3,3.37,28,21,0,0,0,0,,123.0,510,145,55,46,3,25,0,3,6,2,92,https://www.fangraphs.com/statss.aspx?playerid=13050,2012,13050,A,1.0769230769230769,False
Zach Davies,BAL,A,19,5,7,3.86,25,17,0,0,1,0,,114.1,484,109,52,49,11,46,0,3,4,0,91,https://www.fangraphs.com/statss.aspx?playerid=13183,2012,13183,A,0.9615384615384616,False
Zach Duke,WSN,AAA,29,15,5,3.51,26,26,2,1,0,0,,164.1,692,178,69,64,16,39,0,1,1,0,91,https://www.fangraphs.com/statss.aspx?playerid=3840,2012,3840,AAA,0.9285714285714286,False
Jerad Eickhoff,TEX,A,21,13,7,4.69,26,25,0,0,0,0,,126.2,545,132,75,66,22,38,0,5,8,2,90,https://www.fangraphs.com/statss.aspx?playerid=12664,2012,12664,A,1.0,False
Daniel Cabrera,ARI,"A+,AAA",31,7,8,4.23,24,24,1,0,0,0,,132.0,567,134,64,62,9,42,2,11,12,1,88,https://www.fangraphs.com/statss.aspx?playerid=1931,2012,1931,AAA,0.8571428571428571,True
John Lannan,WSN,AAA,27,9,11,4.3,24,24,3,2,0,0,,148.2,640,164,77,71,16,50,2,1,6,0,86,https://www.fangraphs.com/statss.aspx?playerid=7080,2012,7080,AAA,0.8571428571428571,True
Tyler Anderson,COL,A,22,12,3,2.47,20,20,2,1,0,0,,120.1,476,102,43,33,5,28,0,3,5,1,81,https://www.fangraphs.com/statss.aspx?playerid=12880,2012,12880,A,0.7692307692307693,True
Martín Pérez,TEX,AAA,21,7,6,4.25,22,21,2,0,0,0,,127.0,544,122,70,60,10,56,0,4,3,0,69,https://www.fangraphs.com/statss.aspx?playerid=6902,2012,6902,AAA,0.7857142857142857,True
Luis Perdomo,STL,R,19,4,4,2.7,11,11,1,0,0,0,,56.2,240,53,26,17,0,13,0,3,8,0,50,https://www.fangraphs.com/statss.aspx?playerid=14682,2012,14682,R,0.7857142857142857,True
Luis Severino,NYY,R,18,4,2,1.68,14,14,0,0,0,0,,64.1,245,46,19,12,2,17,0,3,3,0,45,https://www.fangraphs.com/statss.aspx?playerid=15890,2012,15890,R,1.0,False
Antonio Senzatela,COL,R,17,5,2,0.72,13,12,0,0,0,0,,62.2,241,40,10,5,0,14,0,1,3,0,35,https://www.fangraphs.com/statss.aspx?playerid=15488,2012,15488,R,0.9285714285714286,False
Jimmy Nelson,MIL,"AA,AAA",24,10,10,3.25,27,27,2,0,0,0,,152.1,656,137,73,55,7,65,0,13,10,2,163,https://www.fangraphs.com/statss.aspx?playerid=10547,2013,10547,AAA,0.9642857142857143,False
Robbie Ray,WSN,"A+,AA",21,11,5,3.36,27,27,4,1,0,0,,142.0,596,116,58,53,13,62,0,10,8,0,160,https://www.fangraphs.com/statss.aspx?playerid=11486,2013,11486,AA,0.9,False
Taijuan Walker,SEA,"AA,AAA",20,9,10,2.93,25,25,0,0,0,0,,141.1,585,112,56,46,11,57,1,8,6,0,160,https://www.fangraphs.com/statss.aspx?playerid=11836,2013,11836,AAA,0.8928571428571429,False
Yordano Ventura,KCR,"AA,AAA",22,8,6,3.14,26,25,0,0,0,0,,134.2,564,119,52,47,7,53,1,7,7,3,155,https://www.fangraphs.com/statss.aspx?playerid=11855,2013,11855,AAA,0.9285714285714286,False
Jameson Taillon,PIT,"AA,AAA",21,5,10,3.73,26,25,0,0,0,0,,147.1,640,143,70,61,9,52,3,9,9,0,143,https://www.fangraphs.com/statss.aspx?playerid=11674,2013,11674,AAA,0.9285714285714286,False
Chris Bassitt,CHW,"A+,AA",24,11,4,3.08,26,26,0,0,0,0,,149.0,634,125,66,51,11,59,0,9,8,0,138,https://www.fangraphs.com/statss.aspx?playerid=12304,2013,12304,AA,0.8666666666666667,False
Noah Syndergaard,NYM,"A+,AA",20,9,4,3.06,23,23,0,0,0,0,,117.2,472,107,48,40,11,28,0,1,6,1,133,https://www.fangraphs.com/statss.aspx?playerid=11762,2013,11762,AA,0.7666666666666667,True
Zach Davies,BAL,A+,20,7,9,3.69,26,26,0,0,0,0,,148.2,619,145,72,61,10,38,0,3,5,1,132,https://www.fangraphs.com/statss.aspx?playerid=13183,2013,13183,A+,0.9629629629629629,False
Kyle Hendricks,CHC,"AA,AAA",23,13,4,2.0,27,27,1,1,0,0,,166.1,667,142,46,37,5,34,0,6,2,0,128,https://www.fangraphs.com/statss.aspx?playerid=12049,2013,12049,AAA,0.9642857142857143,False
Frankie Montas,BOS,A,20,5,11,5.43,24,23,1,0,0,0,,111.0,495,114,75,67,11,50,0,3,17,1,127,https://www.fangraphs.com/statss.aspx?playerid=14309,2013,14309,A,0.8888888888888888,True
Eduardo Rodriguez,BAL,"A+,AA",20,10,7,3.41,25,25,1,0,0,0,,145.0,603,131,64,55,9,49,1,4,3,1,125,https://www.fangraphs.com/statss.aspx?playerid=13164,2013,13164,AA,0.8333333333333334,True
Mike Foltynewicz,HOU,"A+,AA",21,6,3,3.06,30,21,0,0,3,0,,129.1,546,106,55,44,12,66,0,5,14,3,124,https://www.fangraphs.com/statss.aspx?playerid=10811,2013,10811,AA,1.0,False
Jake Odorizzi,TBR,AAA,23,9,6,3.33,22,22,0,0,0,0,,124.1,493,101,49,46,12,40,1,1,5,0,124,https://www.fangraphs.com/statss.aspx?playerid=6397,2013,6397,AAA,0.7857142857142857,True
Roenis Elías,SEA,AA,24,6,11,3.18,22,22,0,0,0,0,,130.0,544,112,57,46,9,50,1,4,2,3,121,https://www.fangraphs.com/statss.aspx?playerid=12673,2013,12673,AA,0.7333333333333333,True
Jacob deGrom,NYM,"A+,AA,AAA",25,7,7,4.51,26,26,0,0,0,0,,147.2,642,168,83,74,11,46,3,4,7,1,120,https://www.fangraphs.com/statss.aspx?playerid=10954,2013,10954,AAA,0.9285714285714286,False
Sonny Gray,OAK,AAA,23,10,7,3.42,20,20,1,0,0,0,,118.1,494,117,51,45,5,39,0,0,10,0,118,https://www.fangraphs.com/statss.aspx?playerid=12768,2013,12768,AAA,0.7142857142857143,True
Ty Blach,SFG,A+,22,12,4,2.9,22,20,0,0,0,0,,130.1,526,124,46,42,8,18,0,2,8,1,117,https://www.fangraphs.com/statss.aspx?playerid=14361,2013,14361,A+,0.8148148148148148,True
Anthony DeSclafani,MIA,"A+,AA",23,9,6,2.65,25,25,0,0,0,0,,129.0,518,122,49,38,10,23,0,5,7,1,115,https://www.fangraphs.com/statss.aspx?playerid=13050,2013,13050,AA,0.8333333333333334,True
Merrill Kelly,TBR,"AA,AAA",24,13,10,3.64,28,26,0,0,0,0,,158.1,659,128,71,64,7,65,1,6,7,1,111,https://www.fangraphs.com/statss.aspx?playerid=11156,2013,11156,AAA,1.0,False
José Ureña,MIA,A+,21,10,7,3.73,27,26,0,0,0,0,,149.2,618,148,69,62,8,29,0,6,3,0,107,https://www.fangraphs.com/statss.aspx?playerid=11589,2013,11589,A+,1.0,False
Trevor Bauer,CLE,AAA,22,6,7,4.15,22,22,1,0,0,0,,121.1,548,119,64,56,14,73,0,13,5,1,106,https://www.fangraphs.com/statss.aspx?playerid=12703,2013,12703,AAA,0.7857142857142857,True
Max Fried,SDP,A,19,6,7,3.49,23,23,0,0,0,0,,118.2,500,107,54,46,7,56,1,8,10,3,100,https://www.fangraphs.com/statss.aspx?playerid=13743,2013,13743,A,0.8518518518518519,True
Jerad Eickhoff,TEX,"A+,AA",22,8,4,4.22,27,27,0,0,0,0,,145.0,604,144,76,68,15,40,2,8,12,0,93,https://www.fangraphs.com/statss.aspx?playerid=12664,2013,12664,AA,0.9,False
Zach Eflin,SDP,A,19,7,6,2.73,22,22,0,0,0,0,,118.2,502,110,53,36,7,31,2,4,7,0,86,https://www.fangraphs.com/statss.aspx?playerid=13774,2013,13774,A,0.8148148148148148,True
Ricky Romero,TOR,"A+,AAA",28,5,8,5.52,23,23,1,0,0,0,,120.2,551,142,82,74,11,63,0,4,10,1,85,https://www.fangraphs.com/statss.aspx?playerid=3403,2013,3403,AAA,0.8214285714285714,True
Armando Galarraga,CIN,AAA,31,6,8,3.64,23,23,0,0,0,0,,121.0,518,120,59,49,12,46,1,5,7,2,83,https://www.fangraphs.com/statss.aspx?playerid=4222,2013,4222,AAA,0.8214285714285714,True
Jair Jurrjens,DET,AAA,27,7,10,4.57,23,23,1,0,0,0,,134.0,576,147,72,68,8,38,0,4,3,0,76,https://www.fangraphs.com/statss.aspx?playerid=5556,2013,5556,AAA,0.8214285714285714,True
Antonio Senzatela,COL,"A-,R",18,8,5,2.7,16,16,1,0,0,0,,93.1,379,80,37,28,2,16,0,10,8,0,66,https://www.fangraphs.com/statss.aspx?playerid=15488,2013,15488,R,1.0,False
Brad Keller,ARI,R,17,7,3,2.44,15,13,0,0,0,0,,62.2,272,59,25,17,2,30,0,2,5,0,65,https://www.fangraphs.com/statss.aspx?playerid=15734,2013,15734,R,0.9375,False
Chris Flexen,NYM,R,18,8,1,2.09,11,11,2,2,0,0,,69.0,271,53,18,16,6,12,0,6,3,0,62,https://www.fangraphs.com/statss.aspx?playerid=13896,2013,13896,R,0.6875,True
Greg Smith,PHI,"AA,AAA",29,9,6,3.34,26,17,0,0,0,0,,116.0,487,124,49,43,8,23,2,4,1,4,58,https://www.fangraphs.com/statss.aspx?playerid=3455,2013,3455,AAA,0.9285714285714286,False
Chris Volstad,COL,AAA,26,7,6,4.58,23,22,2,0,0,0,,127.2,561,156,68,65,12,44,1,2,5,0,57,https://www.fangraphs.com/statss.aspx?playerid=9901,2013,9901,AAA,0.8214285714285714,True
Pablo López,SEA,R,17,7,1,2.57,12,12,0,0,0,0,,66.2,261,51,25,19,2,11,1,5,5,1,38,https://www.fangraphs.com/statss.aspx?playerid=17085,2013,17085,R,0.75,True
Matthew Boyd,TOR,"A+,AA",23,6,7,3.17,26,26,1,0,0,0,,133.1,554,120,53,47,9,33,0,7,6,1,147,https://www.fangraphs.com/statss.aspx?playerid=15440,2014,15440,AA,0.9629629629629629,False
Sean Manaea,KCR,A+,22,7,8,3.11,25,25,1,1,0,0,,121.2,514,102,54,42,5,54,0,5,4,0,146,https://www.fangraphs.com/statss.aspx?playerid=15873,2014,15873,A+,1.0,False
Noah Syndergaard,NYM,AAA,21,9,7,4.6,26,26,0,0,0,0,,133.0,583,154,77,68,11,43,1,6,6,0,145,https://www.fangraphs.com/statss.aspx?playerid=11762,2014,11762,AAA,0.9285714285714286,False
Jerad Eickhoff,TEX,AA,23,10,9,4.08,27,26,0,0,0,0,,154.1,636,129,76,70,17,52,0,7,12,0,144,https://www.fangraphs.com/statss.aspx?playerid=12664,2014,12664,AA,1.0,False
Andrew Heaney,MIA,"AA,AAA",23,9,6,3.28,24,23,1,1,0,0,,137.1,568,120,61,50,11,36,0,4,8,0,143,https://www.fangraphs.com/statss.aspx?playerid=15423,2014,15423,AAA,0.8571428571428571,True
José Berríos,MIN,"A+,AA,AAA",20,12,8,2.76,25,25,2,1,0,0,,140.0,571,118,52,43,6,38,0,6,6,4,140,https://www.fangraphs.com/statss.aspx?playerid=14168,2014,14168,AAA,0.8928571428571429,True
Chris Heston,SFG,AAA,26,12,9,3.38,28,28,1,1,0,0,,173.0,716,152,76,65,16,51,1,9,11,0,125,https://www.fangraphs.com/statss.aspx?playerid=10302,2014,10302,AAA,1.0,False
Dan Straily,OAK,AAA,25,7,8,4.42,20,20,0,0,0,0,,118.0,502,113,67,58,16,46,1,5,5,0,123,https://www.fangraphs.com/statss.aspx?playerid=9460,2014,9460,AAA,0.7142857142857143,True
José Ureña,MIA,AA,22,13,8,3.33,26,25,0,0,0,0,,162.0,652,155,65,60,14,29,1,2,4,0,121,https://www.fangraphs.com/statss.aspx?playerid=11589,2014,11589,AA,0.9629629629629629,False
Blake Snell,TBR,"A,A+",21,8,8,3.19,24,24,1,1,0,0,,115.2,491,95,50,41,2,56,0,5,13,1,119,https://www.fangraphs.com/statss.aspx?playerid=13543,2014,13543,A+,0.96,False
Wade LeBlanc,LAA,AAA,29,10,4,4.43,22,22,1,0,0,0,,128.0,551,143,68,63,11,42,0,4,1,0,119,https://www.fangraphs.com/statss.aspx?playerid=5221,2014,5221,AAA,0.7857142857142857,True
Marco Gonzales,STL,"A+,AA,AAA",22,9,5,2.43,21,21,0,0,0,0,,122.0,498,110,40,33,10,27,1,3,4,0,117,https://www.fangraphs.com/statss.aspx?playerid=15467,2014,15467,AAA,0.75,True
Kendall Graveman,TOR,"A,A+,AA,AAA",23,14,6,1.83,27,27,0,0,0,0,,167.1,658,142,40,34,2,31,0,4,2,0,115,https://www.fangraphs.com/statss.aspx?playerid=15514,2014,15514,AAA,0.9642857142857143,False
Jon Gray,COL,AA,22,10,5,3.91,24,24,0,0,0,0,,124.1,508,107,58,54,10,41,0,4,5,0,113,https://www.fangraphs.com/statss.aspx?playerid=14916,2014,14916,AA,0.8888888888888888,True
Jakob Junis,KCR,A,21,9,8,4.3,26,22,0,0,0,0,,136.0,573,136,74,65,16,38,0,10,6,1,109,https://www.fangraphs.com/statss.aspx?playerid=13619,2014,13619,A,1.04,False
Eduardo Rodriguez,BAL,AA,21,6,8,3.6,22,22,1,0,0,0,,120.0,509,120,54,48,6,37,1,2,6,5,108,https://www.fangraphs.com/statss.aspx?playerid=13164,2014,13164,AA,0.8148148148148148,True
Tyler Anderson,COL,AA,24,7,4,1.98,23,23,0,0,0,0,,118.1,474,91,37,26,3,40,0,4,8,3,106,https://www.fangraphs.com/statss.aspx?playerid=12880,2014,12880,AA,0.8518518518518519,True
Trevor Williams,MIA,"A+,AA",22,8,7,3.13,26,26,0,0,0,0,,144.0,608,160,61,50,5,35,0,0,4,0,104,https://www.fangraphs.com/statss.aspx?playerid=16977,2014,16977,AA,0.9629629629629629,False
Nick Pivetta,WSN,A,21,13,8,4.22,26,25,0,0,0,0,,132.1,569,142,66,62,15,39,0,6,9,1,98,https://www.fangraphs.com/statss.aspx?playerid=15454,2014,15454,A,1.04,False
Kyle Davies,CLE,"AA,AAA",30,11,9,3.91,26,26,0,0,0,0,,154.1,644,158,83,67,17,40,1,5,4,0,98,https://www.fangraphs.com/statss.aspx?playerid=3642,2014,3642,AAA,0.9285714285714286,False
Zach Eflin,SDP,A+,20,10,7,3.8,24,24,0,0,0,0,,128.0,536,138,56,54,9,31,0,4,3,0,93,https://www.fangraphs.com/statss.aspx?playerid=13774,2014,13774,A+,0.96,False
Greg Smith,PHI,AAA,30,9,11,4.4,27,26,1,1,0,0,,157.1,674,176,84,77,17,37,1,6,6,1,92,https://www.fangraphs.com/statss.aspx?playerid=3455,2014,3455,AAA,0.9642857142857143,False
Ty Blach,SFG,AA,23,8,8,3.13,25,25,1,0,0,0,,141.0,596,142,53,49,8,39,2,3,5,0,91,https://www.fangraphs.com/statss.aspx?playerid=14361,2014,14361,AA,0.9259259259259259,True
Antonio Senzatela,COL,A,19,15,2,3.11,26,26,0,0,0,0,,144.2,602,134,61,50,11,36,0,5,6,2,89,https://www.fangraphs.com/statss.aspx?playerid=15488,2014,15488,A,1.04,False
Chien-Ming Wang,CIN,AAA,34,13,8,4.12,28,28,0,0,0,0,,172.2,746,200,94,79,6,57,3,5,6,0,73,https://www.fangraphs.com/statss.aspx?playerid=2074,2014,2074,AAA,1.0,False
Tyler Mahle,CIN,R,19,5,4,3.87,15,15,2,2,0,0,,76.2,325,80,43,33,5,15,0,2,5,1,71,https://www.fangraphs.com/statss.aspx?playerid=16358,2014,16358,R,1.0,False
Joe Musgrove,HOU,A-,21,7,1,2.81,15,13,0,0,0,0,,77.0,301,64,25,24,4,10,1,2,0,0,67,https://www.fangraphs.com/statss.aspx?playerid=12970,2014,12970,A-,0.6,True
Scott Diamond,CIN,AAA,27,5,12,6.57,26,22,1,0,0,0,,123.1,564,174,96,90,15,32,2,1,5,2,66,https://www.fangraphs.com/statss.aspx?playerid=5089,2014,5089,AAA,0.9285714285714286,False
Brad Keller,ARI,"A-,R",18,6,4,4.31,15,12,0,0,0,1,,71.0,313,81,38,34,8,28,0,6,18,1,58,https://www.fangraphs.com/statss.aspx?playerid=15734,2014,15734,R,1.0,False
Sandy Alcantara,STL,R,18,1,9,3.97,12,11,1,0,0,0,,56.2,247,56,31,25,1,19,0,5,12,1,55,https://www.fangraphs.com/statss.aspx?playerid=18684,2014,18684,R,0.8,True
José Berríos,MIN,"AA,AAA",21,14,5,2.87,27,27,1,1,0,0,,166.1,667,136,56,53,12,38,0,11,4,1,175,https://www.fangraphs.com/statss.aspx?playerid=14168,2015,14168,AAA,0.8709677419354839,False
Sean Newcomb,LAA,"A,A+,AA",22,9,3,2.38,27,27,0,0,0,0,,136.0,575,97,43,36,5,76,0,3,6,0,168,https://www.fangraphs.com/statss.aspx?playerid=16943,2015,16943,AA,1.0,False
Blake Snell,TBR,"A+,AA,AAA",22,15,4,1.41,25,23,0,0,0,0,,134.0,521,84,24,21,7,53,0,2,11,0,163,https://www.fangraphs.com/statss.aspx?playerid=13543,2015,13543,AAA,0.8064516129032258,False
Mike Clevinger,CLE,AA,24,9,8,2.73,27,26,0,0,0,0,,158.0,639,127,53,48,8,40,0,9,11,1,145,https://www.fangraphs.com/statss.aspx?playerid=12808,2015,12808,AA,1.0,False
Antonio Senzatela,COL,A+,20,9,9,2.51,26,26,1,0,0,0,,154.0,623,131,53,43,10,33,0,8,8,0,143,https://www.fangraphs.com/statss.aspx?playerid=15488,2015,15488,A+,1.0,False
Tyler Mahle,CIN,A,20,13,8,2.43,27,26,0,0,0,0,,152.0,620,145,54,41,7,25,0,11,3,1,135,https://www.fangraphs.com/statss.aspx?playerid=16358,2015,16358,A,1.0384615384615385,False
Jordan Montgomery,NYY,"A,A+",22,10,8,2.95,25,24,1,0,0,0,,134.1,547,118,51,44,5,36,0,1,15,1,132,https://www.fangraphs.com/statss.aspx?playerid=16511,2015,16511,A+,0.9615384615384616,False
Lucas Giolito,WSN,"A+,AA",20,7,7,3.15,21,19,0,0,0,0,,117.0,494,113,45,41,3,37,0,6,9,1,131,https://www.fangraphs.com/statss.aspx?playerid=15474,2015,15474,AA,0.7777777777777778,True
Jerad Eickhoff,TEX,"AA,AAA",24,12,5,3.85,23,22,0,0,0,0,,133.1,553,119,58,57,15,39,1,5,8,1,126,https://www.fangraphs.com/statss.aspx?playerid=12664,2015,12664,AAA,0.7419354838709677,True
Jakob Junis,KCR,"A+,AA",22,5,12,3.78,27,27,0,0,0,0,,159.2,646,152,76,67,11,30,0,7,8,1,126,https://www.fangraphs.com/statss.aspx?playerid=13619,2015,13619,AA,1.0,False
Michael Fulmer,DET,"A+,AA",22,10,3,2.23,22,22,0,0,0,0,,125.0,498,104,38,31,8,30,0,1,5,1,124,https://www.fangraphs.com/statss.aspx?playerid=13218,2015,13218,AA,0.8148148148148148,True
Dan Straily,HOU,AAA,26,10,9,4.77,22,22,1,0,0,0,,122.2,542,147,69,65,13,25,0,4,7,2,124,https://www.fangraphs.com/statss.aspx?playerid=9460,2015,9460,AAA,0.7096774193548387,True
Luis Perdomo,STL,"A,A+",22,6,12,3.98,23,22,1,0,0,0,,126.2,542,134,68,56,8,37,0,5,10,1,118,https://www.fangraphs.com/statss.aspx?playerid=14682,2015,14682,A+,0.8846153846153846,True
Alec Mills,KCR,A+,23,7,7,3.02,21,21,1,0,0,0,,113.1,472,122,42,38,3,14,0,3,6,2,111,https://www.fangraphs.com/statss.aspx?playerid=13834,2015,13834,A+,0.8076923076923077,True
Brad Keller,ARI,A,19,8,9,2.6,26,25,0,0,0,0,,142.0,586,128,57,41,3,37,0,10,7,0,109,https://www.fangraphs.com/statss.aspx?playerid=15734,2015,15734,A,1.0,False
Frankie Montas,CHW,AA,22,5,5,2.97,23,23,1,1,0,0,,112.0,465,89,49,37,3,48,0,1,4,1,108,https://www.fangraphs.com/statss.aspx?playerid=14309,2015,14309,AA,0.8518518518518519,True
Randy Wolf,TOR,AAA,38,9,2,2.58,23,23,1,0,0,0,,139.2,571,139,44,40,4,40,0,4,4,0,106,https://www.fangraphs.com/statss.aspx?playerid=976,2015,976,AAA,0.7419354838709677,True
Germán Márquez,TBR,A+,20,7,13,3.56,26,23,0,0,0,0,,139.0,596,147,68,55,6,29,0,13,7,2,104,https://www.fangraphs.com/statss.aspx?playerid=15038,2015,15038,A+,1.0,False
Nick Pivetta,WSN,"A+,AA",22,9,8,3.96,25,24,0,0,0,0,,129.2,551,121,65,57,12,57,0,5,9,0,103,https://www.fangraphs.com/statss.aspx?playerid=15454,2015,15454,AA,0.9259259259259259,False
Zach Davies,MIL,AAA,22,6,8,3.3,24,23,1,0,0,0,,128.1,547,129,50,47,6,45,0,2,4,0,102,https://www.fangraphs.com/statss.aspx?playerid=13183,2015,13183,AAA,0.7741935483870968,True
Trevor Williams,MIA,"AA,AAA",23,7,10,3.85,25,24,0,0,0,0,,131.0,565,141,58,56,9,43,0,2,4,0,101,https://www.fangraphs.com/statss.aspx?playerid=16977,2015,16977,AAA,0.8064516129032258,False
Kyle Davies,NYY,AAA,31,11,8,3.3,27,26,0,0,0,0,,152.2,633,155,61,56,8,37,0,4,4,1,99,https://www.fangraphs.com/statss.aspx?playerid=3642,2015,3642,AAA,0.8709677419354839,False
Chris Volstad,PIT,AAA,28,11,7,3.18,27,25,0,0,0,0,,155.2,655,159,61,55,3,43,3,9,6,0,97,https://www.fangraphs.com/statss.aspx?playerid=9901,2015,9901,AAA,0.8709677419354839,False
Ty Blach,SFG,AAA,24,11,12,4.46,27,27,2,2,0,0,,165.1,699,189,92,82,16,31,0,2,6,0,93,https://www.fangraphs.com/statss.aspx?playerid=14361,2015,14361,AAA,0.8709677419354839,False
Scott Diamond,TBR,AAA,28,11,6,3.71,28,25,0,0,0,0,,150.1,636,180,78,62,13,26,0,3,5,0,91,https://www.fangraphs.com/statss.aspx?playerid=5089,2015,5089,AAA,0.9032258064516129,False
Barry Zito,OAK,AAA,37,8,7,3.46,24,22,1,0,0,0,,138.0,590,121,66,53,10,60,0,5,3,0,91,https://www.fangraphs.com/statss.aspx?playerid=944,2015,944,AAA,0.7741935483870968,True
Jhoulys Chacín,CLE,AAA,27,7,6,3.22,20,20,0,0,0,0,,128.2,537,118,54,46,6,45,0,5,5,1,88,https://www.fangraphs.com/statss.aspx?playerid=2608,2015,2608,AAA,0.6451612903225806,True
John Lannan,COL,AAA,30,6,10,5.39,26,25,1,0,0,0,,152.0,692,209,107,91,11,40,1,1,4,0,83,https://www.fangraphs.com/statss.aspx?playerid=7080,2015,7080,AAA,0.8387096774193549,False
Brad Penny,CHW,AAA,37,7,10,4.46,24,24,1,0,0,0,,135.1,593,173,78,67,11,33,0,5,2,0,81,https://www.fangraphs.com/statss.aspx?playerid=535,2015,535,AAA,0.7741935483870968,True
Brandon Woodruff,MIL,A+,22,4,7,3.45,21,19,0,0,0,0,,109.2,457,112,48,42,2,33,0,3,5,0,71,https://www.fangraphs.com/statss.aspx?playerid=16162,2015,16162,A+,0.8076923076923077,True
Zach Eflin,PHI,AA,21,8,6,3.69,23,23,0,0,0,0,,131.2,541,136,63,54,12,23,2,4,3,0,68,https://www.fangraphs.com/statss.aspx?playerid=13774,2015,13774,AA,0.8518518518518519,True
Greg Smith,ATL,AAA,31,6,7,2.71,31,19,0,0,0,1,,119.2,498,119,47,36,5,25,0,3,0,2,67,https://www.fangraphs.com/statss.aspx?playerid=3455,2015,3455,AAA,1.0,False
Sandy Alcantara,STL,R,19,4,4,3.22,12,12,0,0,0,0,,64.1,267,59,30,23,3,20,0,5,10,1,51,https://www.fangraphs.com/statss.aspx?playerid=18684,2015,18684,R,1.0,False
Chien-Ming Wang,ATL,AAA,35,6,11,5.88,22,20,1,1,0,0,,130.0,588,185,93,85,11,35,1,1,5,0,51,https://www.fangraphs.com/statss.aspx?playerid=2074,2015,2074,AAA,0.7096774193548387,True
Brandon Woodruff,MIL,"A+,AA",23,14,9,2.68,28,28,1,0,0,0,,158.0,633,121,51,47,6,40,0,7,6,0,173,https://www.fangraphs.com/statss.aspx?playerid=16162,2016,16162,AA,1.0,False
Dinelson Lamet,SDP,"A+,AA,AAA",23,12,10,3.0,28,28,0,0,0,0,,150.0,629,126,56,50,8,61,1,6,17,2,158,https://www.fangraphs.com/statss.aspx?playerid=17186,2016,17186,AAA,0.9655172413793104,False
Germán Márquez,COL,"AA,AAA",21,11,6,3.13,26,26,0,0,0,0,,166.2,677,154,68,58,14,39,1,7,5,1,155,https://www.fangraphs.com/statss.aspx?playerid=15038,2016,15038,AAA,0.896551724137931,False
Sandy Alcantara,STL,"A,A+",20,5,11,3.96,23,23,1,0,0,0,,122.2,533,103,62,54,4,59,0,10,14,3,153,https://www.fangraphs.com/statss.aspx?playerid=18684,2016,18684,A+,0.92,True
Sean Newcomb,ATL,AA,23,8,7,3.86,27,27,1,0,0,0,,140.0,595,113,62,60,4,71,0,7,5,0,152,https://www.fangraphs.com/statss.aspx?playerid=16943,2016,16943,AA,0.9642857142857143,False
Jakob Junis,KCR,"AA,AAA",23,10,10,4.05,27,27,0,0,0,0,,149.0,619,149,72,67,18,34,0,10,10,1,143,https://www.fangraphs.com/statss.aspx?playerid=13619,2016,13619,AAA,0.9310344827586207,False
Tyler Mahle,CIN,"A+,AA",21,14,6,3.64,27,27,1,1,0,0,,150.2,617,136,69,61,18,37,0,11,4,0,141,https://www.fangraphs.com/statss.aspx?playerid=16358,2016,16358,AA,0.9642857142857143,False
Drew Hutchison,TOR,AAA,25,7,6,3.59,25,24,0,0,0,0,,138.0,577,115,63,55,16,50,0,8,3,1,138,https://www.fangraphs.com/statss.aspx?playerid=10732,2016,10732,AAA,0.8620689655172413,True
Nick Pivetta,PHI,"AA,AAA",23,12,8,3.27,27,27,1,1,0,0,,148.2,615,128,57,54,12,51,0,8,6,0,138,https://www.fangraphs.com/statss.aspx?playerid=15454,2016,15454,AAA,0.9310344827586207,False
Jordan Montgomery,NYY,"AA,AAA",23,14,5,2.13,25,25,1,1,0,0,,139.1,582,122,39,33,5,45,0,2,10,0,134,https://www.fangraphs.com/statss.aspx?playerid=16511,2016,16511,AAA,0.8620689655172413,True
José Urquidy,HOU,"A,A+",21,6,5,2.94,24,21,2,1,1,0,,125.1,519,125,46,41,9,24,0,0,10,4,127,https://www.fangraphs.com/statss.aspx?playerid=18413,2016,18413,A+,0.96,False
Jack Flaherty,STL,A+,20,5,9,3.56,24,23,0,0,0,0,,134.0,564,129,63,53,8,45,0,2,11,0,126,https://www.fangraphs.com/statss.aspx?playerid=17479,2016,17479,A+,0.96,False
Michael Soroka,ATL,A,18,9,9,3.02,25,24,1,0,0,0,,143.0,585,130,58,48,3,32,0,9,8,1,125,https://www.fangraphs.com/statss.aspx?playerid=18383,2016,18383,A,1.0,False
Alec Mills,KCR,"AA,AAA",24,5,5,3.22,24,23,0,0,0,0,,125.2,508,119,48,45,10,31,1,3,7,1,122,https://www.fangraphs.com/statss.aspx?playerid=13834,2016,13834,AAA,0.8275862068965517,True
Lucas Giolito,WSN,"A,AA,AAA",21,6,5,2.97,22,22,0,0,0,0,,115.1,488,104,52,38,7,44,0,5,3,0,116,https://www.fangraphs.com/statss.aspx?playerid=15474,2016,15474,AAA,0.7586206896551724,True
Roenis Elías,BOS,AAA,27,10,5,3.6,21,19,1,0,0,0,,125.0,533,115,56,50,10,57,0,6,2,1,113,https://www.fangraphs.com/statss.aspx?playerid=12673,2016,12673,AAA,0.7241379310344828,True
Ty Blach,SFG,AAA,25,14,7,3.43,26,26,3,2,0,0,,162.2,655,147,65,62,9,38,0,2,6,1,113,https://www.fangraphs.com/statss.aspx?playerid=14361,2016,14361,AAA,0.896551724137931,False
Kyle Freeland,COL,"AA,AAA",23,11,10,3.89,26,26,0,0,0,0,,162.0,675,165,79,70,16,44,0,2,4,0,108,https://www.fangraphs.com/statss.aspx?playerid=16256,2016,16256,AAA,0.896551724137931,False
Luis Castillo,MIA,"A+,AA",23,8,6,2.26,26,24,1,0,0,0,,131.2,520,107,38,33,3,25,0,4,6,0,103,https://www.fangraphs.com/statss.aspx?playerid=15689,2016,15689,AA,0.9285714285714286,True
Scott Diamond,TOR,AAA,29,9,15,4.5,28,28,0,0,0,0,,166.0,695,191,92,83,11,32,0,5,4,0,100,https://www.fangraphs.com/statss.aspx?playerid=5089,2016,5089,AAA,0.9655172413793104,False
Brad Keller,ARI,A+,20,9,7,4.47,24,24,0,0,0,0,,135.0,558,147,73,67,13,26,0,2,12,0,99,https://www.fangraphs.com/statss.aspx?playerid=15734,2016,15734,A+,0.96,False
Chris Flexen,NYM,A+,21,10,9,3.56,25,25,1,1,0,0,,134.0,572,125,62,53,6,51,0,6,5,0,95,https://www.fangraphs.com/statss.aspx?playerid=13896,2016,13896,A+,1.0,False
Chris Volstad,CHW,AAA,29,8,11,4.79,29,27,2,0,0,0,,176.2,735,193,100,94,16,34,0,5,3,0,84,https://www.fangraphs.com/statss.aspx?playerid=9901,2016,9901,AAA,1.0,False
Trevor Williams,PIT,"A+,AAA",24,10,6,2.42,21,20,0,0,0,0,,115.1,476,107,43,31,5,30,2,4,2,1,78,https://www.fangraphs.com/statss.aspx?playerid=16977,2016,16977,AAA,0.7241379310344828,True
John Lannan,KCR,AAA,31,7,8,5.24,25,19,1,0,0,0,,132.1,590,166,91,77,15,43,0,2,4,0,55,https://www.fangraphs.com/statss.aspx?playerid=7080,2016,7080,AAA,0.8620689655172413,True
Triston McKenzie,CLE,A+,19,12,6,3.46,25,25,0,0,0,0,,143.0,568,105,62,55,14,45,2,1,7,1,186,https://www.fangraphs.com/statss.aspx?playerid=18000,2017,18000,A+,0.9259259259259259,True
Shane Bieber,CLE,"A,A+,AA",22,10,5,2.86,28,28,0,0,0,0,,173.1,698,185,64,55,8,10,2,2,8,0,162,https://www.fangraphs.com/statss.aspx?playerid=19427,2017,19427,AA,1.0,False
Joey Lucchesi,SDP,"A+,AA",24,11,7,2.2,24,23,0,0,1,0,,139.0,549,102,43,34,12,33,0,3,9,3,148,https://www.fangraphs.com/statss.aspx?playerid=19320,2017,19320,AA,0.8571428571428571,True
Jack Flaherty,STL,"AA,AAA",21,14,4,2.18,25,25,0,0,0,0,,148.2,581,120,36,36,12,35,2,0,5,0,147,https://www.fangraphs.com/statss.aspx?playerid=17479,2017,17479,AAA,0.8928571428571429,False
Aaron Civale,CLE,"A,A+",22,13,6,3.28,27,27,0,0,0,0,,164.2,654,160,72,60,13,14,0,5,7,2,141,https://www.fangraphs.com/statss.aspx?playerid=19479,2017,19479,A+,1.0,False
Corbin Burnes,MIL,"A+,AA",22,8,3,1.67,26,26,1,1,0,0,,145.2,560,103,30,27,3,36,0,4,6,0,140,https://www.fangraphs.com/statss.aspx?playerid=19361,2017,19361,AA,0.9285714285714286,False
Justin Masterson,LAD,AAA,32,11,6,4.13,26,25,0,0,0,0,,141.2,631,129,72,65,7,66,1,23,10,0,140,https://www.fangraphs.com/statss.aspx?playerid=2038,2017,2038,AAA,0.9285714285714286,False
Tyler Mahle,CIN,"AA,AAA",22,10,7,2.06,24,24,1,1,0,0,,144.1,564,109,39,33,9,30,1,4,5,0,138,https://www.fangraphs.com/statss.aspx?playerid=16358,2017,16358,AAA,0.8571428571428571,True
Lucas Giolito,CHW,AAA,22,6,10,4.48,24,24,2,2,0,0,,128.2,551,122,66,64,17,59,0,4,9,0,134,https://www.fangraphs.com/statss.aspx?playerid=15474,2017,15474,AAA,0.8571428571428571,True
Reynaldo López,CHW,AAA,23,6,7,3.79,22,22,0,0,0,0,,121.0,515,101,56,51,16,49,0,3,3,1,131,https://www.fangraphs.com/statss.aspx?playerid=16400,2017,16400,AAA,0.7857142857142857,True
Michael Soroka,ATL,AA,19,11,8,2.75,26,26,0,0,0,0,,153.2,627,133,58,47,10,34,0,10,7,0,125,https://www.fangraphs.com/statss.aspx?playerid=18383,2017,18383,AA,0.9285714285714286,False
Drew Hutchison,PIT,AAA,26,9,9,3.56,28,26,1,0,0,0,,159.1,677,149,69,63,14,57,2,7,6,1,124,https://www.fangraphs.com/statss.aspx?playerid=10732,2017,10732,AAA,1.0,False
Pablo López,SEA,A+,21,5,11,4.15,27,24,0,0,0,0,,145.1,605,155,76,67,6,20,0,7,10,3,121,https://www.fangraphs.com/statss.aspx?playerid=17085,2017,17085,A+,1.0,False
Zac Gallen,STL,"A+,AA,AAA",21,10,8,2.93,26,26,1,0,0,0,,147.2,608,138,56,48,11,35,1,5,3,5,121,https://www.fangraphs.com/statss.aspx?playerid=19291,2017,19291,AAA,0.9285714285714286,False
Cole Irvin,PHI,"A+,AA",23,9,9,3.39,25,24,0,0,0,0,,151.1,627,140,67,57,14,38,0,7,5,0,118,https://www.fangraphs.com/statss.aspx?playerid=19244,2017,19244,AA,0.8928571428571429,True
Brad Keller,ARI,AA,21,10,9,4.68,26,26,0,0,0,0,,130.2,580,142,73,68,7,57,1,7,10,1,111,https://www.fangraphs.com/statss.aspx?playerid=15734,2017,15734,AA,0.9285714285714286,False
Cal Quantrill,SDP,"A+,AA",22,7,10,3.8,22,22,0,0,0,0,,116.0,509,130,59,49,10,40,0,4,6,1,110,https://www.fangraphs.com/statss.aspx?playerid=19312,2017,19312,AA,0.7857142857142857,True
Sandy Alcantara,STL,AA,21,7,5,4.31,25,22,0,0,0,0,,125.1,555,125,64,60,13,54,0,15,20,1,106,https://www.fangraphs.com/statss.aspx?playerid=18684,2017,18684,AA,0.8928571428571429,True
Kris Medlen,ATL,"A+,AA,AAA",31,5,8,4.95,20,20,2,1,0,0,,116.1,506,125,70,64,16,30,0,9,4,0,98,https://www.fangraphs.com/statss.aspx?playerid=9417,2017,9417,AAA,0.7142857142857143,True
Dakota Hudson,STL,"AA,AAA",22,10,5,3.01,25,25,1,0,0,0,,152.2,643,147,58,51,7,49,1,8,14,0,96,https://www.fangraphs.com/statss.aspx?playerid=19206,2017,19206,AAA,0.8928571428571429,False
Chris Volstad,CHW,AAA,30,3,10,5.57,27,18,2,0,1,0,,118.0,518,161,82,73,12,23,0,4,6,0,71,https://www.fangraphs.com/statss.aspx?playerid=9901,2017,9901,AAA,0.9642857142857143,False
Dylan Cease,CHW,"A+,AA",22,12,2,2.4,23,23,0,0,0,0,,124.0,492,82,42,33,8,50,0,3,8,0,160,https://www.fangraphs.com/statss.aspx?playerid=18525,2018,18525,AA,1.0,False
Zac Gallen,MIA,AAA,22,8,9,3.64,25,25,0,0,0,0,,133.1,588,148,60,54,14,48,0,8,6,0,136,https://www.fangraphs.com/statss.aspx?playerid=19291,2018,19291,AAA,0.8928571428571429,True
Kyle Wright,ATL,"AA,AAA",22,8,9,3.46,27,24,0,0,0,0,,138.0,576,118,60,53,8,51,0,1,19,0,133,https://www.fangraphs.com/statss.aspx?playerid=19665,2018,19665,AAA,0.9642857142857143,False
Cole Irvin,PHI,AAA,24,14,4,2.57,26,25,1,1,0,0,,161.1,639,135,51,46,11,35,1,3,4,0,131,https://www.fangraphs.com/statss.aspx?playerid=19244,2018,19244,AAA,0.9285714285714286,False
Cal Quantrill,SDP,"AA,AAA",23,9,6,4.8,28,28,0,0,0,0,,148.0,659,174,95,79,16,43,1,6,6,1,123,https://www.fangraphs.com/statss.aspx?playerid=19312,2018,19312,AAA,1.0,False
Alec Mills,CHC,AAA,26,5,12,4.84,23,23,0,0,0,0,,124.2,531,121,69,67,10,41,0,6,5,1,108,https://www.fangraphs.com/statss.aspx?playerid=13834,2018,13834,AAA,0.8214285714285714,True
Sandy Alcantara,MIA,"A+,AAA",22,6,3,3.9,22,22,0,0,0,0,,127.0,532,117,57,55,10,43,1,6,6,3,96,https://www.fangraphs.com/statss.aspx?playerid=18684,2018,18684,AAA,0.7857142857142857,True
Logan Gilbert,SEA,"A,A+,AA",22,10,5,2.13,26,26,0,0,0,0,,135.0,521,95,36,32,7,33,0,7,6,0,165,https://www.fangraphs.com/statss.aspx?playerid=22250,2019,22250,AA,1.0,False
Shane McClanahan,TBR,"A,A+,AA",22,11,6,3.36,24,22,0,0,0,0,,120.2,504,101,51,45,7,45,0,1,13,0,154,https://www.fangraphs.com/statss.aspx?playerid=21483,2019,21483,AA,0.9230769230769231,True
Brady Singer,KCR,"A+,AA",22,12,5,2.85,26,26,1,0,0,0,,148.1,613,137,63,47,9,39,0,13,5,1,138,https://www.fangraphs.com/statss.aspx?playerid=25377,2019,25377,AA,1.0,False
Drew Hutchison,NYY,AAA,28,11,6,5.28,25,23,0,0,0,0,,131.1,584,142,88,77,20,54,1,7,7,1,133,https://www.fangraphs.com/statss.aspx?playerid=10732,2019,10732,AAA,0.9259259259259259,False
Hector Noesí,MIA,AAA,32,11,4,3.82,21,21,0,0,0,0,,125.0,509,112,54,53,27,30,0,5,0,0,133,https://www.fangraphs.com/statss.aspx?playerid=3292,2019,3292,AAA,0.7777777777777778,True
Kyle Wright,ATL,AAA,23,11,4,4.17,21,21,0,0,0,0,,112.1,476,107,55,52,13,35,0,12,6,1,116,https://www.fangraphs.com/statss.aspx?playerid=19665,2019,19665,AAA,0.7777777777777778,True
Erasmo Ramírez,BOS,AAA,29,6,8,4.74,27,24,1,0,0,0,,125.1,537,125,75,66,18,43,0,5,6,1,95,https://www.fangraphs.com/statss.aspx?playerid=10314,2019,10314,AAA,1.0,False
