,Unnamed: 0,#,IDs,Name,Team,W,L,SV,G,GS,IP,K/9,BB/9,HR/9,BABIP,LOB%,GB%,HR/FB,vFA (pi),ERA,xERA,FIP,xFIP,WAR,Year,Player ID
27,27,28,statss.aspx?playerid=2074&position=P,Chien-Ming Wang,NYY,19,6,1,34,33,218.0,3.14,2.15,0.50,.292,72.2%,62.8%,7.8%,,3.63,,3.91,4.19,3.8,2006,2074
32,32,33,statss.aspx?playerid=535&position=P,Brad Penny,LAD,16,9,0,34,33,189.0,7.05,2.57,0.90,.321,72.2%,43.5%,8.9%,,4.33,,3.89,4.17,3.6,2006,535
38,38,39,statss.aspx?playerid=3840&position=P,Zach Duke,PIT,10,15,0,34,34,215.1,4.89,2.84,0.71,.328,69.9%,51.3%,8.3%,,4.47,,4.13,4.44,3.2,2006,3840
50,50,51,statss.aspx?playerid=4593&position=P,Clay Hensley,SDP,11,12,0,37,29,187.0,5.87,3.66,0.72,.278,73.7%,53.9%,8.9%,,3.71,,4.15,4.37,2.5,2006,4593
55,55,56,statss.aspx?playerid=944&position=P,Barry Zito,OAK,16,10,0,34,34,221.0,6.15,4.03,1.10,.281,78.5%,38.3%,9.0%,,3.83,,4.89,5.22,2.2,2006,944
66,66,67,statss.aspx?playerid=633&position=P,Jeff Suppan,STL,12,7,0,32,32,190.0,4.93,3.27,0.99,.293,72.3%,46.8%,10.8%,,4.12,,4.70,4.70,1.9,2006,633
81,81,82,statss.aspx?playerid=27&position=P,Ramon Ortiz,WSN,11,16,0,33,33,190.2,4.91,3.02,1.46,.304,68.9%,40.8%,11.7%,,5.57,,5.46,5.29,0.2,2006,27
16,16,17,statss.aspx?playerid=535&position=P,Brad Penny,LAD,16,4,0,33,33,208.0,5.84,3.16,0.39,.295,76.4%,48.7%,4.7%,94.0,3.03,,3.63,4.23,4.4,2007,535
25,25,26,statss.aspx?playerid=2074&position=P,Chien-Ming Wang,NYY,19,7,0,30,30,199.1,4.70,2.66,0.41,.295,71.8%,58.4%,6.0%,94.1,3.70,,3.79,4.15,3.7,2007,2074
47,47,48,statss.aspx?playerid=633&position=P,Jeff Suppan,MIL,12,12,0,34,34,206.2,4.96,2.96,0.78,.318,70.4%,45.4%,7.3%,88.7,4.62,,4.42,4.77,2.6,2007,633
52,52,53,statss.aspx?playerid=2072&position=P,Jeremy Guthrie,BAL,7,5,0,32,26,175.1,6.31,2.41,1.18,.270,75.1%,42.5%,11.2%,93.8,3.70,,4.41,4.18,2.3,2007,2072
67,67,68,statss.aspx?playerid=1931&position=P,Daniel Cabrera,BAL,9,18,0,34,34,204.1,7.31,4.76,1.10,.299,66.8%,49.5%,11.7%,94.9,5.55,,5.01,4.73,1.7,2007,1931
68,68,69,statss.aspx?playerid=944&position=P,Barry Zito,SFG,11,13,0,34,33,196.2,5.99,3.80,1.10,.260,69.7%,39.1%,9.6%,84.9,4.53,,4.82,4.84,1.6,2007,944
79,79,80,statss.aspx?playerid=6068&position=P,Matt Chico,WSN,7,9,0,31,31,167.0,5.07,3.99,1.40,.286,73.6%,33.4%,9.8%,85.9,4.63,,5.56,5.52,0.1,2007,6068
9,9,10,statss.aspx?playerid=6329&position=P,John Danks,CHW,12,9,0,33,33,195.0,7.34,2.63,0.69,.293,76.1%,42.8%,7.4%,91.7,3.32,,3.44,3.82,4.9,2008,6329
20,20,21,statss.aspx?playerid=3374&position=P,Ubaldo Jimenez,COL,12,12,0,34,34,198.2,7.79,4.67,0.50,.299,70.8%,54.4%,6.9%,96.0,3.99,,3.83,4.16,4.2,2008,3374
25,25,26,statss.aspx?playerid=7667&position=P,Andy Sonnanstine,TBR,13,9,0,32,32,193.1,5.77,1.72,0.98,.302,66.3%,42.1%,8.0%,78.9,4.38,,3.91,4.30,3.9,2008,7667
26,26,27,statss.aspx?playerid=3990&position=P,Edinson Volquez,CIN,17,6,0,33,32,196.0,9.46,4.27,0.64,.299,75.5%,46.3%,8.0%,94.4,3.21,,3.60,3.84,3.7,2008,3990
33,33,34,statss.aspx?playerid=3340&position=P,Matt Garza,TBR,11,9,0,30,30,184.2,6.24,2.88,0.93,.270,72.9%,41.7%,8.4%,94.2,3.70,,4.14,4.42,3.3,2008,3340
35,35,36,statss.aspx?playerid=5556&position=P,Jair Jurrjens,ATL,13,10,0,31,31,188.1,6.64,3.35,0.53,.301,71.0%,51.7%,7.1%,92.4,3.68,,3.59,3.92,3.3,2008,5556
46,46,47,statss.aspx?playerid=3840&position=P,Zach Duke,PIT,5,14,0,31,31,185.0,4.23,2.29,0.92,.315,67.2%,48.2%,9.3%,89.6,4.82,,4.40,4.52,2.8,2008,3840
48,48,49,statss.aspx?playerid=976&position=P,Randy Wolf,- - -,12,12,0,33,33,190.1,7.66,3.36,0.99,.305,71.1%,38.8%,9.7%,89.6,4.30,,4.17,4.24,2.6,2008,976
53,53,54,statss.aspx?playerid=2072&position=P,Jeremy Guthrie,BAL,10,12,0,30,30,190.2,5.66,2.74,1.13,.259,76.7%,43.8%,10.5%,94.0,3.63,,4.53,4.48,2.3,2008,2072
55,55,56,statss.aspx?playerid=4366&position=P,Joe Saunders,LAA,17,7,0,31,31,198.0,4.68,2.41,0.95,.266,75.7%,46.6%,8.7%,92.0,3.41,,4.36,4.60,2.3,2008,4366
56,56,57,statss.aspx?playerid=5508&position=P,Dana Eveland,OAK,9,9,0,29,29,168.0,6.32,4.13,0.54,.312,72.5%,48.7%,6.6%,91.5,4.34,,4.09,4.51,2.2,2008,5508
57,57,58,statss.aspx?playerid=3886&position=P,Gavin Floyd,CHW,17,8,0,33,33,206.1,6.32,3.05,1.31,.256,71.4%,41.1%,11.8%,91.8,3.84,,4.77,4.51,2.2,2008,3886
58,58,59,statss.aspx?playerid=3688&position=P,Jesse Litsch,TOR,13,9,0,29,28,176.0,5.06,1.99,1.02,.278,74.1%,48.4%,10.7%,90.9,3.58,,4.29,4.21,2.0,2008,3688
59,59,60,statss.aspx?playerid=4270&position=P,Nick Blackburn,MIN,11,11,0,33,33,193.1,4.47,1.82,1.07,.305,70.6%,44.9%,10.0%,93.0,4.05,,4.40,4.42,1.9,2008,4270
68,68,69,statss.aspx?playerid=4222&position=P,Armando Galarraga,DET,13,7,0,30,28,178.2,6.35,3.07,1.41,.236,75.6%,43.5%,13.0%,88.9,3.73,,4.88,4.43,1.4,2008,4222
71,71,72,statss.aspx?playerid=3455&position=P,Greg Smith,OAK,7,16,0,32,32,190.1,5.25,4.11,0.99,.256,72.7%,34.2%,7.9%,88.4,4.16,,4.82,5.23,1.4,2008,3455
74,74,75,statss.aspx?playerid=944&position=P,Barry Zito,SFG,10,17,0,32,32,180.0,6.00,5.10,0.80,.295,65.7%,36.4%,6.8%,85.6,5.15,,4.72,5.29,1.3,2008,944
75,75,76,statss.aspx?playerid=7080&position=P,John Lannan,WSN,9,15,0,31,31,182.0,5.79,3.56,1.14,.266,74.0%,54.2%,15.2%,88.1,3.91,,4.79,4.24,1.2,2008,7080
77,77,78,statss.aspx?playerid=573&position=P,Tim Redding,WSN,10,11,0,33,33,182.0,5.93,3.21,1.34,.294,68.5%,39.8%,11.3%,91.7,4.95,,4.93,4.72,1.2,2008,573
80,80,81,statss.aspx?playerid=6893&position=P,Johnny Cueto,CIN,9,14,0,31,31,174.0,8.17,3.52,1.50,.298,72.5%,38.6%,13.9%,94.1,4.81,,4.90,4.31,1.1,2008,6893
85,85,86,statss.aspx?playerid=1931&position=P,Daniel Cabrera,BAL,8,10,0,30,30,180.0,4.75,4.50,1.20,.295,72.4%,48.0%,12.2%,93.5,5.25,,5.61,5.31,0.1,2008,1931
86,86,87,statss.aspx?playerid=633&position=P,Jeff Suppan,MIL,10,10,0,31,31,177.2,4.56,3.39,1.52,.301,71.2%,44.4%,15.7%,87.6,4.96,,5.51,4.74,0.0,2008,633
10,10,11,statss.aspx?playerid=3374&position=P,Ubaldo Jimenez,COL,15,12,0,33,33,218.0,8.17,3.51,0.54,.280,73.5%,52.5%,7.8%,96.3,3.47,,3.36,3.59,5.3,2009,3374
16,16,17,statss.aspx?playerid=2036&position=P,Clayton Kershaw,LAD,8,8,0,31,30,171.0,9.74,4.79,0.37,.269,77.5%,39.4%,4.1%,94.3,2.79,,3.08,3.85,4.1,2009,2036
19,19,20,statss.aspx?playerid=3886&position=P,Gavin Floyd,CHW,11,11,0,30,30,193.0,7.60,2.75,0.98,.284,69.7%,44.3%,11.2%,92.3,4.06,,3.77,3.63,4.0,2009,3886
26,26,27,statss.aspx?playerid=8223&position=P,Brett Anderson,OAK,11,11,0,30,30,175.1,7.70,2.31,1.03,.309,67.0%,50.9%,11.1%,93.1,4.06,,3.69,3.56,3.7,2009,8223
28,28,29,statss.aspx?playerid=5556&position=P,Jair Jurrjens,ATL,14,10,0,34,34,215.0,6.36,3.14,0.63,.268,79.4%,42.9%,6.1%,91.8,2.60,,3.68,4.28,3.5,2009,5556
33,33,34,statss.aspx?playerid=4538&position=P,Jason Hammel,COL,10,8,0,34,30,176.2,6.78,2.14,0.87,.326,69.5%,46.2%,9.7%,92.4,4.33,,3.71,3.77,3.5,2009,4538
40,40,41,statss.aspx?playerid=4535&position=P,Randy Wells,CHC,12,10,0,27,27,165.1,5.66,2.50,0.76,.288,76.0%,47.9%,8.0%,90.7,3.05,,3.88,4.18,3.1,2009,4535
41,41,42,statss.aspx?playerid=976&position=P,Randy Wolf,LAD,11,7,0,34,34,214.1,6.72,2.44,1.01,.251,77.3%,39.6%,9.2%,89.5,3.23,,3.96,4.10,3.0,2009,976
44,44,45,statss.aspx?playerid=3840&position=P,Zach Duke,PIT,11,16,0,32,32,213.0,4.48,2.07,0.97,.293,72.6%,47.7%,10.0%,89.6,4.06,,4.24,4.25,3.0,2009,3840
47,47,48,statss.aspx?playerid=3340&position=P,Matt Garza,TBR,8,12,0,32,32,203.0,8.38,3.50,1.11,.273,75.0%,39.7%,10.2%,94.2,3.95,,4.17,4.14,2.8,2009,3340
48,48,49,statss.aspx?playerid=8591&position=P,Jeff Niemann,TBR,13,6,0,31,30,180.2,6.23,2.94,0.85,.301,73.7%,40.5%,7.6%,92.4,3.94,,4.07,4.46,2.8,2009,8591
49,49,50,statss.aspx?playerid=8173&position=P,Yovani Gallardo,MIL,13,12,0,30,30,185.2,9.89,4.56,1.02,.275,77.9%,45.0%,12.3%,92.8,3.73,,3.97,3.71,2.8,2009,8173
52,52,53,statss.aspx?playerid=6329&position=P,John Danks,CHW,13,11,0,32,32,200.1,6.69,3.28,1.26,.267,77.6%,44.2%,11.5%,91.1,3.77,,4.59,4.38,2.7,2009,6329
53,53,54,statss.aspx?playerid=3403&position=P,Ricky Romero,TOR,13,9,0,29,29,178.0,7.13,3.99,0.91,.333,75.4%,54.0%,12.8%,92.6,4.30,,4.33,4.05,2.4,2009,3403
54,54,55,statss.aspx?playerid=4270&position=P,Nick Blackburn,MIN,11,11,0,33,33,205.2,4.29,1.79,1.09,.301,72.7%,45.7%,9.4%,92.0,4.03,,4.37,4.48,2.4,2009,4270
58,58,59,statss.aspx?playerid=944&position=P,Barry Zito,SFG,10,13,0,33,33,192.0,7.22,3.80,0.98,.285,75.0%,37.9%,9.5%,86.9,4.03,,4.31,4.40,2.1,2009,944
64,64,65,statss.aspx?playerid=535&position=P,Brad Penny,- - -,11,9,0,30,30,173.1,5.66,2.65,1.14,.300,67.1%,43.7%,9.9%,94.4,4.88,,4.46,4.50,1.8,2009,535
66,66,67,statss.aspx?playerid=2717&position=P,Rick Porcello,DET,14,9,0,31,31,170.2,4.69,2.74,1.21,.277,75.5%,54.2%,14.1%,92.2,3.96,,4.77,4.27,1.7,2009,2717
67,67,68,statss.aspx?playerid=8268&position=P,Ross Ohlendorf,PIT,11,10,0,29,29,176.2,5.55,2.70,1.27,.264,76.3%,40.6%,11.1%,92.3,3.92,,4.72,4.56,1.7,2009,8268
68,68,69,statss.aspx?playerid=7410&position=P,J.A. Happ,PHI,12,4,0,35,23,166.0,6.45,3.04,1.08,.266,85.2%,38.4%,9.5%,90.4,2.93,,4.33,4.43,1.6,2009,7410
70,70,71,statss.aspx?playerid=2072&position=P,Jeremy Guthrie,BAL,10,17,0,33,33,200.0,4.95,2.70,1.57,.286,70.9%,34.7%,10.9%,93.2,5.04,,5.31,5.13,1.4,2009,2072
71,71,72,statss.aspx?playerid=6893&position=P,Johnny Cueto,CIN,11,11,0,30,30,171.1,6.93,3.20,1.26,.291,73.6%,41.6%,11.2%,93.5,4.41,,4.69,4.51,1.4,2009,6893
72,72,73,statss.aspx?playerid=7080&position=P,John Lannan,WSN,9,13,0,33,33,206.1,3.88,2.97,0.96,.272,72.7%,51.9%,10.5%,88.9,3.88,,4.70,4.64,1.4,2009,7080
74,74,75,statss.aspx?playerid=4366&position=P,Joe Saunders,LAA,16,7,0,31,31,186.0,4.89,3.10,1.40,.286,73.5%,46.8%,12.8%,91.3,4.60,,5.17,4.74,1.0,2009,4366
76,76,77,statss.aspx?playerid=6249&position=P,Trevor Cahill,OAK,10,13,0,32,32,178.2,4.53,3.63,1.36,.272,72.6%,47.8%,13.2%,91.7,4.63,,5.33,4.86,0.4,2009,6249
5,5,6,statss.aspx?playerid=3374&position=P,Ubaldo Jimenez,COL,19,8,0,33,33,221.2,8.69,3.74,0.41,.271,76.5%,48.8%,5.1%,96.1,2.88,,3.10,3.60,6.0,2010,3374
7,7,8,statss.aspx?playerid=3201&position=P,Francisco Liriano,MIN,14,10,0,31,31,191.2,9.44,2.72,0.42,.331,73.1%,53.6%,6.3%,94.4,3.62,,2.66,2.95,5.6,2010,3201
12,12,13,statss.aspx?playerid=1259&position=P,Colby Lewis,TEX,12,13,0,32,32,201.0,8.78,2.91,0.94,.275,71.9%,37.9%,8.2%,91.2,3.72,,3.55,3.74,4.8,2010,1259
13,13,14,statss.aspx?playerid=2036&position=P,Clayton Kershaw,LAD,13,10,0,32,32,204.1,9.34,3.57,0.57,.275,76.2%,40.1%,5.8%,93.3,2.91,,3.12,3.64,4.6,2010,2036
15,15,16,statss.aspx?playerid=6329&position=P,John Danks,CHW,15,11,0,32,32,213.0,6.85,2.96,0.76,.274,71.5%,45.4%,7.4%,91.9,3.72,,3.70,3.99,4.3,2010,6329
23,23,24,statss.aspx?playerid=3886&position=P,Gavin Floyd,CHW,10,13,0,31,31,187.1,7.25,2.79,0.67,.325,70.3%,49.9%,7.6%,92.5,4.08,,3.46,3.69,4.1,2010,3886
28,28,29,statss.aspx?playerid=8173&position=P,Yovani Gallardo,MIL,14,7,0,31,31,185.0,9.73,3.65,0.58,.324,69.8%,43.0%,7.1%,93.3,3.84,,3.02,3.29,3.7,2010,8173
30,30,31,statss.aspx?playerid=9129&position=P,Tommy Hanson,ATL,10,11,0,34,34,202.2,7.68,2.49,0.62,.286,71.4%,41.8%,5.8%,93.2,3.33,,3.30,3.87,3.7,2010,9129
31,31,32,statss.aspx?playerid=3403&position=P,Ricky Romero,TOR,14,9,0,32,32,210.0,7.46,3.51,0.64,.289,70.2%,55.2%,9.4%,91.4,3.73,,3.63,3.64,3.7,2010,3403
37,37,38,statss.aspx?playerid=8044&position=P,Jason Vargas,SEA,9,12,0,31,31,192.2,5.42,2.52,0.84,.272,72.0%,36.3%,6.1%,87.3,3.78,,3.94,4.60,3.3,2010,8044
38,38,39,statss.aspx?playerid=9425&position=P,Doug Fister,SEA,6,14,0,28,28,171.0,4.89,1.68,0.68,.302,67.7%,47.1%,6.4%,88.9,4.11,,3.65,4.10,3.3,2010,9425
40,40,41,statss.aspx?playerid=4538&position=P,Jason Hammel,COL,10,9,0,30,30,177.2,7.14,2.38,0.91,.328,68.6%,46.7%,9.7%,93.3,4.81,,3.70,3.66,3.3,2010,4538
42,42,43,statss.aspx?playerid=7448&position=P,Gio Gonzalez,OAK,15,9,0,33,33,200.2,7.67,4.13,0.67,.274,78.0%,49.3%,7.4%,92.9,3.23,,3.78,4.04,3.2,2010,7448
43,43,44,statss.aspx?playerid=7450&position=P,Phil Hughes,NYY,18,8,0,31,29,176.1,7.45,2.96,1.28,.273,74.1%,36.1%,10.1%,93.5,4.19,,4.25,4.13,3.0,2010,7450
44,44,45,statss.aspx?playerid=3543&position=P,Clay Buchholz,BOS,17,7,0,28,28,173.2,6.22,3.47,0.47,.261,78.9%,50.8%,5.6%,94.3,2.33,,3.61,4.06,3.0,2010,3543
47,47,48,statss.aspx?playerid=1245&position=P,R.A. Dickey,NYM,11,9,0,27,26,174.1,5.37,2.17,0.67,.276,77.3%,55.1%,8.5%,83.2,2.84,,3.65,3.75,2.8,2010,1245
52,52,53,statss.aspx?playerid=6893&position=P,Johnny Cueto,CIN,12,7,0,31,31,185.2,6.69,2.71,0.92,.290,76.1%,41.7%,8.6%,94.0,3.64,,3.97,4.09,2.6,2010,6893
55,55,56,statss.aspx?playerid=4535&position=P,Randy Wells,CHC,8,14,0,32,32,194.1,6.67,2.92,0.88,.311,72.0%,46.9%,9.4%,90.7,4.26,,3.93,3.94,2.5,2010,4535
56,56,57,statss.aspx?playerid=2038&position=P,Justin Masterson,CLE,6,13,0,34,29,180.0,7.00,3.65,0.70,.324,66.6%,59.9%,10.0%,92.4,4.70,,3.93,3.87,2.5,2010,2038
58,58,59,statss.aspx?playerid=2660&position=P,Brett Cecil,TOR,15,7,0,28,28,172.2,6.10,2.81,0.94,.293,69.8%,44.2%,8.7%,90.9,4.22,,4.03,4.15,2.4,2010,2660
59,59,60,statss.aspx?playerid=2072&position=P,Jeremy Guthrie,BAL,11,14,0,32,32,209.1,5.12,2.15,1.07,.254,74.1%,42.3%,8.5%,94.0,3.83,,4.44,4.60,2.4,2010,2072
60,60,61,statss.aspx?playerid=8137&position=P,Jaime Garcia,STL,13,8,0,28,28,163.1,7.27,3.53,0.50,.292,75.0%,55.9%,7.3%,90.5,2.70,,3.41,3.62,2.4,2010,8137
61,61,62,statss.aspx?playerid=3551&position=P,Clayton Richard,SDP,14,9,0,33,33,201.2,6.83,3.48,0.71,.311,74.9%,46.1%,7.7%,89.8,3.75,,3.81,4.04,2.2,2010,3551
65,65,66,statss.aspx?playerid=3340&position=P,Matt Garza,TBR,15,10,1,33,32,204.2,6.60,2.77,1.23,.272,75.5%,35.8%,10.0%,94.3,3.91,,4.42,4.31,2.1,2010,3340
66,66,67,statss.aspx?playerid=2717&position=P,Rick Porcello,DET,10,12,0,27,27,162.2,4.65,2.10,1.00,.307,65.9%,50.3%,9.9%,92.2,4.92,,4.31,4.24,2.0,2010,2717
67,67,68,statss.aspx?playerid=6249&position=P,Trevor Cahill,OAK,18,8,0,30,30,196.2,5.40,2.88,0.87,.236,76.5%,56.0%,11.2%,92.0,2.97,,4.19,3.99,2.0,2010,6249
68,68,69,statss.aspx?playerid=4424&position=P,Jon Niese,NYM,9,10,0,30,30,173.2,7.67,3.21,1.04,.324,70.6%,47.7%,11.8%,90.7,4.20,,4.10,3.80,1.9,2010,4424
72,72,73,statss.aspx?playerid=944&position=P,Barry Zito,SFG,9,14,0,34,33,199.1,6.77,3.79,0.90,.279,72.1%,36.1%,7.5%,86.4,4.15,,4.25,4.58,1.8,2010,944
75,75,76,statss.aspx?playerid=6986&position=P,Ian Kennedy,ARI,9,10,0,32,32,194.0,7.79,3.25,1.21,.256,75.5%,37.1%,10.8%,89.9,3.80,,4.33,4.10,1.7,2010,6986
76,76,77,statss.aspx?playerid=3642&position=P,Kyle Davies,KCR,8,12,0,32,32,183.2,6.17,3.92,0.98,.316,66.9%,40.8%,7.9%,92.7,5.34,,4.46,4.73,1.7,2010,3642
77,77,78,statss.aspx?playerid=8591&position=P,Jeff Niemann,TBR,12,8,0,30,29,174.1,6.76,3.15,1.29,.263,73.4%,44.4%,12.2%,92.1,4.39,,4.61,4.18,1.4,2010,8591
79,79,80,statss.aspx?playerid=9901&position=P,Chris Volstad,FLA,12,9,0,30,30,175.0,5.25,3.09,0.87,.298,69.6%,47.9%,8.8%,91.3,4.58,,4.34,4.43,1.3,2010,9901
81,81,82,statss.aspx?playerid=2141&position=P,Chris Narveson,MIL,12,9,0,37,28,167.2,7.35,3.17,1.13,.301,67.8%,39.8%,9.8%,89.1,4.99,,4.22,4.15,1.2,2010,2141
82,82,83,statss.aspx?playerid=4366&position=P,Joe Saunders,- - -,9,17,0,33,33,203.1,5.05,2.83,1.11,.308,68.0%,43.7%,9.8%,91.3,4.47,,4.57,4.50,1.2,2010,4366
84,84,85,statss.aspx?playerid=7441&position=P,Wade Davis,TBR,12,10,0,29,29,168.0,6.05,3.32,1.29,.272,78.1%,39.2%,10.4%,93.3,4.07,,4.79,4.61,1.1,2010,7441
87,87,88,statss.aspx?playerid=976&position=P,Randy Wolf,MIL,13,12,0,34,34,215.2,5.93,3.63,1.21,.275,75.3%,39.4%,10.2%,89.0,4.17,,4.84,4.71,0.8,2010,976
88,88,89,statss.aspx?playerid=6230&position=P,Kyle Kendrick,PHI,11,10,0,33,31,180.2,4.18,2.44,1.30,.284,69.0%,44.5%,10.9%,,4.73,,4.88,4.62,0.5,2010,6230
89,89,90,statss.aspx?playerid=8375&position=P,Brad Bergesen,BAL,8,12,0,30,28,170.0,4.29,2.70,1.38,.287,68.5%,48.7%,11.9%,91.4,4.98,,5.14,4.71,0.5,2010,8375
1,1,2,statss.aspx?playerid=2036&position=P,Clayton Kershaw,LAD,21,5,0,33,33,233.1,9.57,2.08,0.58,.269,78.6%,43.2%,6.7%,94.1,2.28,,2.47,2.84,7.3,2011,2036
7,7,8,statss.aspx?playerid=9425&position=P,Doug Fister,- - -,11,13,0,32,31,216.1,6.07,1.54,0.46,.272,73.3%,47.5%,5.1%,90.6,2.83,,3.02,3.61,5.4,2011,9425
11,11,12,statss.aspx?playerid=2038&position=P,Justin Masterson,CLE,12,10,0,34,33,216.0,6.58,2.71,0.46,.302,72.9%,55.1%,6.3%,94.0,3.21,,3.28,3.64,5.1,2011,2038
14,14,15,statss.aspx?playerid=3340&position=P,Matt Garza,CHC,10,10,0,31,31,198.0,8.95,2.86,0.64,.306,69.7%,46.3%,7.7%,94.6,3.32,,2.95,3.19,4.7,2011,3340
18,18,19,statss.aspx?playerid=6986&position=P,Ian Kennedy,ARI,21,4,0,33,33,222.0,8.03,2.23,0.77,.270,79.2%,38.6%,7.7%,91.2,2.88,,3.22,3.50,4.4,2011,6986
19,19,20,statss.aspx?playerid=5524&position=P,Madison Bumgarner,SFG,13,13,0,33,33,204.2,8.40,2.02,0.53,.322,72.4%,46.0%,6.2%,92.3,3.21,,2.67,3.10,4.4,2011,5524
20,20,21,statss.aspx?playerid=7146&position=P,Daniel Hudson,ARI,16,12,0,33,33,222.0,6.85,2.03,0.69,.295,70.5%,41.7%,6.4%,94.2,3.49,,3.28,3.79,4.2,2011,7146
22,22,23,statss.aspx?playerid=5551&position=P,Matt Harrison,TEX,14,9,0,31,30,185.2,6.11,2.76,0.63,.290,72.3%,47.5%,7.1%,93.6,3.39,,3.52,3.85,4.0,2011,5551
25,25,26,statss.aspx?playerid=5372&position=P,Michael Pineda,SEA,9,10,0,28,28,171.0,9.11,2.89,0.95,.258,69.7%,36.3%,9.0%,95.1,3.74,,3.42,3.53,3.5,2011,5372
30,30,31,statss.aspx?playerid=7448&position=P,Gio Gonzalez,OAK,16,12,0,32,32,202.0,8.78,4.05,0.76,.287,77.1%,47.5%,8.9%,93.6,3.12,,3.64,3.73,3.3,2011,7448
31,31,32,statss.aspx?playerid=3374&position=P,Ubaldo Jimenez,- - -,10,13,0,32,32,188.1,8.60,3.73,0.81,.314,65.0%,47.2%,9.3%,94.1,4.68,,3.67,3.71,3.3,2011,3374
34,34,35,statss.aspx?playerid=8137&position=P,Jaime Garcia,STL,13,7,0,32,32,194.2,7.21,2.31,0.69,.318,66.8%,53.6%,8.9%,90.2,3.56,,3.23,3.31,3.2,2011,8137
35,35,36,statss.aspx?playerid=4505&position=P,Jordan Zimmermann,WSN,8,11,0,26,26,161.1,6.92,1.73,0.67,.291,74.2%,39.4%,5.9%,93.8,3.18,,3.16,3.78,3.2,2011,4505
36,36,37,statss.aspx?playerid=4141&position=P,Derek Holland,TEX,16,5,0,32,32,198.0,7.36,3.05,1.00,.305,72.8%,46.4%,11.0%,94.8,3.95,,3.94,3.76,3.1,2011,4141
37,37,38,statss.aspx?playerid=3886&position=P,Gavin Floyd,CHW,12,13,0,31,30,193.2,7.02,2.09,1.02,.278,67.7%,43.7%,10.2%,91.7,4.37,,3.81,3.73,3.1,2011,3886
39,39,40,statss.aspx?playerid=8586&position=P,Philip Humber,CHW,9,9,0,28,26,163.0,6.40,2.26,0.77,.275,71.2%,47.1%,7.7%,91.1,3.75,,3.58,3.86,3.1,2011,8586
43,43,44,statss.aspx?playerid=6329&position=P,John Danks,CHW,8,12,0,27,27,170.1,7.13,2.43,1.00,.313,70.1%,43.8%,9.9%,92.2,4.33,,3.82,3.79,2.9,2011,6329
45,45,46,statss.aspx?playerid=8173&position=P,Yovani Gallardo,MIL,17,10,0,33,33,207.1,8.99,2.56,1.17,.291,74.8%,46.6%,12.7%,93.4,3.52,,3.59,3.19,2.7,2011,8173
46,46,47,statss.aspx?playerid=8044&position=P,Jason Vargas,SEA,10,13,0,32,32,201.0,5.87,2.64,0.99,.285,68.7%,36.4%,7.7%,88.1,4.25,,4.09,4.45,2.7,2011,8044
47,47,48,statss.aspx?playerid=1245&position=P,R.A. Dickey,NYM,8,13,0,33,32,208.2,5.78,2.33,0.78,.278,75.1%,50.8%,8.3%,,3.28,,3.77,3.95,2.7,2011,1245
50,50,51,statss.aspx?playerid=3403&position=P,Ricky Romero,TOR,15,11,0,32,32,225.0,7.12,3.20,1.04,.242,79.2%,54.7%,13.2%,92.8,2.92,,4.20,3.80,2.5,2011,3403
55,55,56,statss.aspx?playerid=2717&position=P,Rick Porcello,DET,14,9,0,31,31,182.0,5.14,2.27,0.89,.316,67.4%,51.4%,9.9%,91.4,4.75,,4.06,4.02,2.3,2011,2717
57,57,58,statss.aspx?playerid=976&position=P,Randy Wolf,MIL,13,10,0,33,33,212.1,5.68,2.80,0.97,.286,75.9%,37.4%,8.6%,89.4,3.69,,4.29,4.46,2.3,2011,976
58,58,59,statss.aspx?playerid=2608&position=P,Jhoulys Chacin,COL,11,14,0,31,31,194.0,6.96,4.04,0.93,.261,74.5%,56.3%,12.2%,91.9,3.62,,4.23,3.95,2.3,2011,2608
60,60,61,statss.aspx?playerid=6943&position=P,Luke Hochevar,KCR,11,11,0,31,31,198.0,5.82,2.82,1.05,.275,66.0%,49.8%,11.5%,93.4,4.68,,4.29,4.05,2.2,2011,6943
62,62,63,statss.aspx?playerid=1259&position=P,Colby Lewis,TEX,14,10,0,32,32,200.1,7.59,2.52,1.57,.265,73.0%,34.1%,11.9%,89.6,4.40,,4.54,4.10,2.1,2011,1259
64,64,65,statss.aspx?playerid=9388&position=P,Josh Tomlin,CLE,12,7,0,26,26,165.1,4.84,1.14,1.31,.253,68.5%,38.2%,11.1%,88.6,4.25,,4.27,4.03,2.1,2011,9388
65,65,66,statss.aspx?playerid=6249&position=P,Trevor Cahill,OAK,12,14,0,34,34,207.2,6.37,3.55,0.82,.302,72.8%,55.9%,11.6%,90.8,4.16,,4.10,3.90,2.1,2011,6249
67,67,68,statss.aspx?playerid=4371&position=P,Jeremy Hellickson,TBR,13,10,0,29,29,189.0,5.57,3.43,1.00,.223,82.0%,35.0%,8.1%,91.6,2.95,,4.44,4.72,2.0,2011,4371
69,69,70,statss.aspx?playerid=9492&position=P,Bud Norris,HOU,6,11,0,31,31,186.0,8.52,3.39,1.16,.294,72.8%,39.7%,11.7%,93.6,3.77,,4.02,3.73,1.9,2011,9492
70,70,71,statss.aspx?playerid=1994&position=P,Ivan Nova,NYY,16,4,0,28,27,165.1,5.33,3.10,0.71,.283,73.1%,52.7%,8.4%,93.2,3.70,,4.01,4.16,1.9,2011,1994
71,71,72,statss.aspx?playerid=2072&position=P,Jeremy Guthrie,BAL,9,17,0,34,32,208.0,5.62,2.86,1.12,.284,69.6%,39.6%,9.7%,93.2,4.33,,4.48,4.47,1.7,2011,2072
73,73,74,statss.aspx?playerid=6432&position=P,Tim Stauffer,SDP,9,12,0,31,31,185.2,6.20,2.57,0.97,.282,75.1%,51.8%,12.5%,91.7,3.73,,4.03,3.71,1.7,2011,6432
81,81,82,statss.aspx?playerid=7441&position=P,Wade Davis,TBR,11,10,0,29,29,184.0,5.14,3.08,1.13,.280,72.1%,36.3%,8.8%,92.3,4.45,,4.67,4.82,1.4,2011,7441
84,84,85,statss.aspx?playerid=5879&position=P,Jeff Karstens,PIT,9,9,0,30,26,162.1,5.32,1.83,1.22,.275,77.4%,46.2%,11.5%,90.3,3.38,,4.29,4.00,1.1,2011,5879
85,85,86,statss.aspx?playerid=4538&position=P,Jason Hammel,COL,7,13,1,32,27,170.1,4.97,3.59,1.11,.280,67.9%,43.9%,10.9%,93.6,4.76,,4.83,4.65,1.1,2011,4538
86,86,87,statss.aspx?playerid=7080&position=P,John Lannan,WSN,10,13,0,33,33,184.2,5.17,3.70,0.73,.296,73.0%,54.1%,10.1%,90.0,3.70,,4.28,4.24,0.9,2011,7080
87,87,88,statss.aspx?playerid=9901&position=P,Chris Volstad,FLA,5,13,0,29,29,165.2,6.36,2.66,1.25,.310,68.8%,52.3%,15.5%,92.1,4.89,,4.32,3.64,0.9,2011,9901
89,89,90,statss.aspx?playerid=5523&position=P,James McDonald,PIT,9,9,0,31,31,171.0,7.47,4.11,1.26,.302,77.0%,38.9%,11.0%,93.7,4.21,,4.68,4.46,0.7,2011,5523
91,91,92,statss.aspx?playerid=4366&position=P,Joe Saunders,ARI,12,13,0,33,33,212.0,4.58,2.84,1.23,.271,77.7%,44.5%,12.4%,90.6,3.69,,4.78,4.38,0.3,2011,4366
92,92,93,statss.aspx?playerid=535&position=P,Brad Penny,DET,11,11,0,31,31,181.2,3.67,3.07,1.19,.310,67.2%,49.5%,11.3%,93.6,5.30,,5.02,4.77,0.3,2011,535
2,2,3,statss.aspx?playerid=2036&position=P,Clayton Kershaw,LAD,14,9,0,33,33,227.2,9.05,2.49,0.63,.262,77.9%,46.9%,8.1%,93.8,2.53,,2.89,3.25,6.1,2012,2036
3,3,4,statss.aspx?playerid=7448&position=P,Gio Gonzalez,WSN,21,8,0,32,32,199.1,9.35,3.43,0.41,.267,74.1%,48.2%,5.8%,94.0,2.89,,2.82,3.38,5.0,2012,7448
6,6,7,statss.aspx?playerid=1245&position=P,R.A. Dickey,NYM,20,6,0,34,33,233.2,8.86,2.08,0.92,.275,79.9%,46.1%,11.3%,84.9,2.73,,3.27,3.27,4.7,2012,1245
12,12,13,statss.aspx?playerid=6893&position=P,Johnny Cueto,CIN,19,9,0,33,33,217.0,7.05,2.03,0.62,.296,78.8%,48.9%,7.9%,93.7,2.78,,3.27,3.65,4.3,2012,6893
15,15,16,statss.aspx?playerid=8779&position=P,Wade Miley,ARI,16,11,0,32,29,194.2,6.66,1.71,0.65,.293,72.0%,43.3%,6.9%,92.2,3.33,,3.15,3.75,3.9,2012,8779
18,18,19,statss.aspx?playerid=4913&position=P,Jarrod Parker,OAK,13,8,0,29,29,181.1,6.95,3.13,0.55,.290,74.3%,44.3%,6.8%,93.4,3.47,,3.43,3.95,3.7,2012,4913
19,19,20,statss.aspx?playerid=5551&position=P,Matt Harrison,TEX,18,11,0,32,32,213.1,5.61,2.49,0.93,.284,78.6%,49.0%,10.5%,93.2,3.29,,4.03,4.13,3.5,2012,5551
23,23,24,statss.aspx?playerid=4505&position=P,Jordan Zimmermann,WSN,12,8,0,32,32,195.2,7.04,1.98,0.83,.288,79.3%,43.4%,9.2%,94.4,2.94,,3.51,3.78,3.4,2012,4505
27,27,28,statss.aspx?playerid=7608&position=P,Tommy Milone,OAK,13,10,0,31,31,190.0,6.49,1.71,1.14,.310,73.6%,38.1%,10.7%,88.4,3.74,,3.93,4.02,3.1,2012,7608
29,29,30,statss.aspx?playerid=2717&position=P,Rick Porcello,DET,10,12,0,31,31,176.1,5.46,2.25,0.82,.344,69.0%,53.2%,11.5%,93.3,4.59,,3.91,3.89,3.0,2012,2717
31,31,32,statss.aspx?playerid=2038&position=P,Justin Masterson,CLE,11,15,0,34,34,206.1,6.94,3.84,0.79,.309,66.4%,55.7%,11.4%,93.6,4.93,,4.16,4.15,2.8,2012,2038
35,35,36,statss.aspx?playerid=7541&position=P,Lucas Harrell,HOU,11,11,0,32,32,193.2,6.51,3.62,0.60,.289,70.8%,57.2%,9.7%,93.5,3.76,,3.75,3.89,2.7,2012,7541
36,36,37,statss.aspx?playerid=3254&position=P,Jeff Samardzija,CHC,9,13,0,28,28,174.2,9.27,2.89,1.03,.296,73.0%,44.6%,12.8%,96.0,3.81,,3.55,3.38,2.7,2012,3254
37,37,38,statss.aspx?playerid=5524&position=P,Madison Bumgarner,SFG,16,11,0,32,32,208.1,8.25,2.12,0.99,.276,73.5%,47.9%,11.7%,92.0,3.37,,3.50,3.45,2.7,2012,5524
38,38,39,statss.aspx?playerid=2520&position=P,Lance Lynn,STL,18,7,0,35,29,176.0,9.20,3.27,0.82,.321,75.6%,43.8%,10.4%,93.8,3.78,,3.49,3.60,2.6,2012,2520
40,40,41,statss.aspx?playerid=4424&position=P,Jon Niese,NYM,13,9,0,30,30,190.1,7.33,2.32,1.04,.272,76.5%,48.3%,12.6%,91.5,3.40,,3.80,3.64,2.5,2012,4424
42,42,43,statss.aspx?playerid=8362&position=P,Homer Bailey,CIN,13,10,0,33,33,208.0,7.27,2.25,1.12,.290,73.6%,44.9%,11.5%,93.5,3.68,,3.97,3.94,2.5,2012,8362
43,43,44,statss.aspx?playerid=1890&position=P,Matt Moore,TBR,11,11,0,31,31,177.1,8.88,4.11,0.91,.293,72.9%,37.4%,8.6%,94.8,3.81,,3.93,4.35,2.4,2012,1890
45,45,46,statss.aspx?playerid=6249&position=P,Trevor Cahill,ARI,13,12,0,32,32,200.0,7.02,3.33,0.72,.289,71.4%,61.2%,12.3%,90.9,3.78,,3.85,3.76,2.4,2012,6249
46,46,47,statss.aspx?playerid=5089&position=P,Scott Diamond,MIN,12,9,0,27,27,173.0,4.68,1.61,0.88,.292,73.3%,53.4%,11.4%,89.9,3.54,,3.94,3.93,2.4,2012,5089
47,47,48,statss.aspx?playerid=6986&position=P,Ian Kennedy,ARI,15,12,0,33,33,208.1,8.08,2.38,1.21,.306,74.9%,37.3%,10.8%,90.7,4.02,,4.04,4.13,2.4,2012,6986
53,53,54,statss.aspx?playerid=4366&position=P,Joe Saunders,- - -,9,13,0,28,28,174.2,5.77,2.01,1.08,.305,71.6%,43.1%,10.2%,90.2,4.07,,4.08,4.25,2.1,2012,4366
54,54,55,statss.aspx?playerid=8173&position=P,Yovani Gallardo,MIL,16,9,0,33,33,204.0,9.00,3.57,1.15,.290,78.4%,47.7%,14.9%,92.4,3.66,,3.94,3.55,2.0,2012,8173
56,56,57,statss.aspx?playerid=7450&position=P,Phil Hughes,NYY,16,13,0,32,32,191.1,7.76,2.16,1.65,.286,73.9%,32.4%,12.4%,92.7,4.19,,4.56,4.35,2.0,2012,7450
59,59,60,statss.aspx?playerid=3886&position=P,Gavin Floyd,CHW,12,11,0,29,29,168.0,7.71,3.37,1.18,.299,74.9%,47.2%,12.8%,92.2,4.29,,4.46,4.26,1.9,2012,3886
61,61,62,statss.aspx?playerid=5523&position=P,James McDonald,PIT,12,8,0,30,29,171.0,7.95,3.63,1.11,.269,70.8%,39.2%,11.3%,92.9,4.21,,4.21,4.21,1.7,2012,5523
63,63,64,statss.aspx?playerid=9492&position=P,Bud Norris,HOU,7,13,0,29,29,168.1,8.82,3.53,1.23,.301,72.1%,39.2%,12.0%,92.6,4.65,,4.23,4.12,1.7,2012,9492
64,64,65,statss.aspx?playerid=3126&position=P,Luis Mendoza,KCR,8,10,0,30,25,166.0,5.64,3.20,0.81,.310,72.0%,52.1%,10.6%,93.1,4.23,,4.28,4.36,1.7,2012,3126
68,68,69,statss.aspx?playerid=2859&position=P,Ross Detwiler,WSN,10,8,0,33,27,164.1,5.75,2.85,0.82,.263,70.8%,50.8%,9.0%,93.9,3.40,,4.04,4.34,1.6,2012,2859
69,69,70,statss.aspx?playerid=8044&position=P,Jason Vargas,SEA,14,11,0,33,33,217.1,5.84,2.28,1.45,.254,78.6%,40.2%,12.8%,88.6,3.85,,4.69,4.45,1.5,2012,8044
70,70,71,statss.aspx?playerid=4141&position=P,Derek Holland,TEX,12,7,0,29,27,175.1,7.44,2.67,1.64,.261,67.9%,43.1%,15.2%,93.7,4.67,,4.75,4.14,1.5,2012,4141
71,71,72,statss.aspx?playerid=3990&position=P,Edinson Volquez,SDP,11,11,0,32,32,182.2,8.57,5.17,0.69,.292,73.1%,50.6%,9.9%,94.6,4.14,,4.06,4.19,1.5,2012,3990
72,72,73,statss.aspx?playerid=6943&position=P,Luke Hochevar,KCR,8,16,0,32,32,185.1,6.99,2.96,1.31,.315,62.6%,43.3%,13.5%,93.2,5.73,,4.63,4.32,1.4,2012,6943
74,74,75,statss.aspx?playerid=1994&position=P,Ivan Nova,NYY,12,8,0,28,28,170.1,8.08,2.96,1.48,.331,72.5%,45.2%,16.6%,93.7,5.02,,4.60,3.92,1.1,2012,1994
75,75,76,statss.aspx?playerid=944&position=P,Barry Zito,SFG,15,8,0,32,32,184.1,5.57,3.42,0.98,.281,73.0%,40.4%,8.7%,84.9,4.15,,4.49,4.92,1.0,2012,944
76,76,77,statss.aspx?playerid=3374&position=P,Ubaldo Jimenez,CLE,9,17,0,31,31,176.2,7.28,4.84,1.27,.309,68.6%,38.4%,11.8%,93.2,5.40,,5.06,4.98,0.9,2012,3374
79,79,80,statss.aspx?playerid=4371&position=P,Jeremy Hellickson,TBR,10,11,0,31,31,177.0,6.31,3.00,1.27,.261,82.7%,41.8%,12.4%,91.9,3.10,,4.60,4.44,0.8,2012,4371
80,80,81,statss.aspx?playerid=2072&position=P,Jeremy Guthrie,- - -,8,12,0,33,29,181.2,5.00,2.48,1.49,.294,70.0%,40.8%,13.5%,93.1,4.76,,5.10,4.75,0.8,2012,2072
81,81,82,statss.aspx?playerid=3543&position=P,Clay Buchholz,BOS,11,8,0,29,29,189.1,6.13,3.04,1.19,.283,69.7%,47.6%,13.0%,92.9,4.56,,4.65,4.42,0.8,2012,3543
82,82,83,statss.aspx?playerid=10021&position=P,Mike Minor,ATL,11,10,0,30,30,179.1,7.28,2.81,1.30,.252,70.6%,35.4%,11.7%,91.3,4.12,,4.38,4.32,0.7,2012,10021
83,83,84,statss.aspx?playerid=3551&position=P,Clayton Richard,SDP,14,14,0,33,33,218.2,4.40,1.73,1.28,.272,71.4%,53.8%,15.0%,,3.99,,4.62,4.16,0.4,2012,3551
84,84,85,statss.aspx?playerid=3403&position=P,Ricky Romero,TOR,9,14,0,32,32,181.0,6.17,5.22,1.04,.311,67.3%,53.5%,13.8%,92.0,5.77,,5.14,4.86,0.4,2012,3403
85,85,86,statss.aspx?playerid=5669&position=P,Henderson Alvarez,TOR,9,14,0,31,31,187.1,3.80,2.59,1.39,.291,70.1%,57.0%,18.1%,94.8,4.85,,5.18,4.42,0.3,2012,5669
86,86,87,statss.aspx?playerid=9129&position=P,Tommy Hanson,ATL,13,10,0,31,31,174.2,8.30,3.66,1.39,.314,74.1%,39.8%,13.5%,90.7,4.48,,4.57,4.24,0.2,2012,9129
0,0,1,statss.aspx?playerid=2036&position=P,Clayton Kershaw,LAD,16,9,0,33,33,236.0,8.85,1.98,0.42,.251,80.6%,46.0%,5.8%,93.4,1.83,,2.39,2.87,7.2,2013,2036
1,1,2,statss.aspx?playerid=11713&position=P,Matt Harvey,NYM,9,5,0,26,26,178.1,9.64,1.56,0.35,.280,77.4%,47.7%,4.7%,96.9,2.27,,2.00,2.63,6.9,2013,11713
12,12,13,statss.aspx?playerid=4141&position=P,Derek Holland,TEX,10,9,0,33,33,213.0,7.99,2.70,0.85,.307,75.1%,40.8%,8.8%,94.4,3.42,,3.44,3.68,4.5,2013,4141
13,13,14,statss.aspx?playerid=11530&position=P,Jose Fernandez,MIA,12,6,0,28,28,172.2,9.75,3.02,0.52,.240,79.4%,45.1%,7.1%,96.0,2.19,,2.73,3.08,4.2,2013,11530
16,16,17,statss.aspx?playerid=2608&position=P,Jhoulys Chacin,COL,14,10,0,31,31,197.1,5.75,2.78,0.50,.288,71.9%,46.8%,6.2%,91.4,3.47,,3.47,3.97,4.1,2013,2608
17,17,18,statss.aspx?playerid=8362&position=P,Homer Bailey,CIN,11,12,0,32,32,209.0,8.57,2.33,0.86,.284,73.7%,46.1%,10.2%,94.9,3.49,,3.31,3.34,4.1,2013,8362
18,18,19,statss.aspx?playerid=9425&position=P,Doug Fister,DET,14,9,0,33,32,208.2,6.86,1.90,0.60,.332,73.5%,54.3%,8.9%,89.5,3.67,,3.26,3.42,4.1,2013,9425
22,22,23,statss.aspx?playerid=4505&position=P,Jordan Zimmermann,WSN,19,9,0,32,32,213.1,6.79,1.69,0.80,.271,74.4%,47.6%,9.5%,94.5,3.25,,3.36,3.48,3.8,2013,4505
24,24,25,statss.aspx?playerid=2038&position=P,Justin Masterson,CLE,14,10,0,32,29,193.0,9.09,3.54,0.61,.285,75.4%,58.0%,10.7%,93.9,3.45,,3.35,3.33,3.7,2013,2038
25,25,26,statss.aspx?playerid=5524&position=P,Madison Bumgarner,SFG,13,9,0,31,31,201.1,8.90,2.77,0.67,.251,75.6%,46.8%,8.2%,92.4,2.77,,3.05,3.32,3.5,2013,5524
26,26,27,statss.aspx?playerid=3374&position=P,Ubaldo Jimenez,CLE,13,9,0,32,32,182.2,9.56,3.94,0.79,.304,76.5%,43.9%,9.0%,92.7,3.30,,3.43,3.62,3.5,2013,3374
29,29,30,statss.aspx?playerid=10021&position=P,Mike Minor,ATL,13,9,0,32,32,204.2,7.96,2.02,0.97,.272,75.1%,35.0%,8.8%,91.2,3.21,,3.37,3.64,3.4,2013,10021
31,31,32,statss.aspx?playerid=9323&position=P,Patrick Corbin,ARI,14,8,0,32,32,208.1,7.69,2.33,0.82,.283,75.9%,46.7%,10.1%,92.9,3.41,,3.43,3.48,3.3,2013,9323
33,33,34,statss.aspx?playerid=2520&position=P,Lance Lynn,STL,15,10,0,33,33,201.2,8.84,3.39,0.62,.314,71.8%,43.1%,7.4%,93.2,3.97,,3.28,3.66,3.3,2013,2520
36,36,37,statss.aspx?playerid=7448&position=P,Gio Gonzalez,WSN,11,8,0,32,32,195.2,8.83,3.50,0.78,.286,75.3%,43.9%,9.7%,93.5,3.36,,3.41,3.51,3.3,2013,7448
37,37,38,statss.aspx?playerid=8011&position=P,Eric Stults,SDP,11,13,0,33,33,203.2,5.79,1.77,0.80,.302,69.6%,40.4%,6.9%,87.8,3.93,,3.53,4.13,3.2,2013,8011
38,38,39,statss.aspx?playerid=3254&position=P,Jeff Samardzija,CHC,8,13,0,33,33,213.2,9.01,3.29,1.05,.314,71.6%,48.2%,13.3%,95.7,4.34,,3.77,3.45,3.0,2013,3254
39,39,40,statss.aspx?playerid=9884&position=P,Travis Wood,CHC,9,12,0,32,32,200.0,6.48,2.97,0.81,.248,77.4%,33.2%,6.9%,90.1,3.11,,3.89,4.50,3.0,2013,9884
40,40,41,statss.aspx?playerid=2717&position=P,Rick Porcello,DET,13,8,0,32,29,177.0,7.22,2.14,0.92,.315,69.8%,55.3%,14.1%,92.6,4.32,,3.53,3.19,2.9,2013,2717
42,42,43,statss.aspx?playerid=9492&position=P,Bud Norris,- - -,10,12,0,32,30,176.2,7.49,3.41,0.87,.333,73.3%,40.2%,8.1%,93.4,4.18,,3.86,4.22,2.7,2013,9492
46,46,47,statss.aspx?playerid=6797&position=P,Julio Teheran,ATL,14,8,0,30,30,185.2,8.24,2.18,1.07,.288,80.9%,37.8%,10.1%,92.9,3.20,,3.69,3.76,2.6,2013,6797
49,49,50,statss.aspx?playerid=9417&position=P,Kris Medlen,ATL,15,12,0,32,31,197.0,7.17,2.15,0.82,.298,76.9%,45.3%,9.9%,90.5,3.11,,3.48,3.55,2.4,2013,9417
51,51,52,statss.aspx?playerid=1478&position=P,Felix Doubront,BOS,11,6,0,29,27,162.1,7.71,3.94,0.72,.310,69.9%,45.6%,7.8%,91.3,4.32,,3.78,4.14,2.3,2013,1478
56,56,57,statss.aspx?playerid=10197&position=P,Shelby Miller,STL,15,9,0,31,31,173.1,8.77,2.96,1.04,.280,80.1%,38.4%,10.1%,94.3,3.06,,3.67,3.73,2.1,2013,10197
57,57,58,statss.aspx?playerid=7396&position=P,Dillon Gee,NYM,12,11,0,32,32,199.0,6.42,2.13,1.09,.296,77.9%,42.6%,10.1%,90.1,3.62,,4.00,4.07,2.0,2013,7396
58,58,59,statss.aspx?playerid=6230&position=P,Kyle Kendrick,PHI,10,13,0,30,30,182.0,5.44,2.32,0.89,.306,66.6%,49.4%,9.5%,,4.70,,4.01,4.15,2.0,2013,6230
59,59,60,statss.aspx?playerid=5279&position=P,Chris Tillman,BAL,16,7,0,33,33,206.1,7.81,2.97,1.44,.269,80.5%,38.6%,14.2%,92.5,3.71,,4.42,3.88,2.0,2013,5279
60,60,61,statss.aspx?playerid=1245&position=P,R.A. Dickey,TOR,14,13,0,34,34,224.2,7.09,2.84,1.40,.265,73.2%,40.3%,12.7%,82.8,4.21,,4.58,4.23,1.8,2013,1245
61,61,62,statss.aspx?playerid=7024&position=P,Miguel Gonzalez,BAL,11,8,0,30,28,171.1,6.30,2.78,1.26,.260,73.6%,38.9%,11.4%,92.4,3.78,,4.45,4.31,1.7,2013,7024
63,63,64,statss.aspx?playerid=8779&position=P,Wade Miley,ARI,10,10,0,33,33,202.2,6.53,2.93,0.93,.296,75.7%,52.0%,12.5%,92.1,3.55,,3.98,3.77,1.6,2013,8779
65,65,66,statss.aspx?playerid=8173&position=P,Yovani Gallardo,MIL,12,10,0,31,31,180.2,7.17,3.29,0.90,.299,70.2%,49.2%,11.9%,91.5,4.18,,3.89,3.74,1.5,2013,8173
66,66,67,statss.aspx?playerid=11132&position=P,A.J. Griffin,OAK,14,10,0,32,32,200.0,7.69,2.43,1.62,.242,77.3%,32.1%,12.5%,89.7,3.82,,4.55,4.18,1.5,2013,11132
69,69,70,statss.aspx?playerid=4371&position=P,Jeremy Hellickson,TBR,12,10,0,32,31,174.0,6.98,2.59,1.24,.307,66.2%,39.6%,10.9%,91.3,5.17,,4.22,4.15,1.3,2013,4371
70,70,71,statss.aspx?playerid=4913&position=P,Jarrod Parker,OAK,12,8,0,32,32,197.0,6.12,2.88,1.14,.260,73.2%,41.2%,10.5%,92.7,3.97,,4.40,4.41,1.3,2013,4913
73,73,74,statss.aspx?playerid=2929&position=P,Jeff Locke,PIT,10,7,0,30,30,166.1,6.76,4.55,0.60,.278,75.7%,53.2%,8.9%,91.2,3.52,,4.03,4.19,1.1,2013,2929
74,74,75,statss.aspx?playerid=7738&position=P,Wily Peralta,MIL,11,15,0,32,32,183.1,6.33,3.58,0.93,.293,66.6%,51.0%,11.9%,95.4,4.37,,4.30,4.13,0.9,2013,7738
75,75,76,statss.aspx?playerid=3990&position=P,Edinson Volquez,- - -,9,12,0,33,32,170.1,7.50,4.07,1.00,.325,64.5%,47.6%,11.9%,93.8,5.71,,4.24,4.07,0.8,2013,3990
76,76,77,statss.aspx?playerid=2072&position=P,Jeremy Guthrie,KCR,15,12,0,33,33,211.2,4.72,2.51,1.28,.296,78.2%,42.9%,12.1%,93.0,4.04,,4.79,4.55,0.6,2013,2072
77,77,78,statss.aspx?playerid=4366&position=P,Joe Saunders,SEA,11,16,0,32,32,183.0,5.26,3.00,1.23,.332,68.7%,51.2%,14.5%,90.4,5.26,,4.72,4.23,0.5,2013,4366
79,79,80,statss.aspx?playerid=6986&position=P,Ian Kennedy,- - -,7,10,0,31,31,181.1,8.09,3.62,1.34,.295,69.1%,38.2%,13.2%,91.3,4.91,,4.59,4.19,0.5,2013,6986
0,0,1,statss.aspx?playerid=2036&position=P,Clayton Kershaw,LAD,21,3,0,27,27,198.1,10.85,1.41,0.41,.278,81.6%,51.8%,6.6%,93.7,1.77,,1.81,2.08,7.9,2014,2036
1,1,2,statss.aspx?playerid=2429&position=P,Corey Kluber,CLE,18,9,0,34,34,235.2,10.27,1.95,0.53,.316,78.6%,48.0%,7.4%,94.3,2.44,,2.35,2.57,7.2,2014,2429
2,2,3,statss.aspx?playerid=7450&position=P,Phil Hughes,MIN,16,10,0,32,32,209.2,7.98,0.69,0.69,.324,70.1%,36.3%,6.2%,93.1,3.52,,2.65,3.18,6.3,2014,7450
6,6,7,statss.aspx?playerid=4505&position=P,Jordan Zimmermann,WSN,14,5,0,32,32,199.2,8.20,1.31,0.59,.302,75.8%,40.1%,6.4%,94.5,2.66,,2.68,3.10,5.4,2014,4505
14,14,15,statss.aspx?playerid=3254&position=P,Jeff Samardzija,- - -,7,13,0,33,33,219.2,8.28,1.76,0.82,.283,73.1%,50.2%,10.6%,95.5,2.99,,3.20,3.07,4.4,2014,3254
15,15,16,statss.aspx?playerid=6893&position=P,Johnny Cueto,CIN,20,9,0,34,34,243.2,8.94,2.40,0.81,.238,82.5%,46.2%,10.3%,93.8,2.25,,3.30,3.21,4.4,2014,6893
16,16,17,statss.aspx?playerid=9784&position=P,Garrett Richards,LAA,13,4,0,26,26,168.2,8.75,2.72,0.27,.264,74.9%,50.9%,3.9%,97.1,2.61,,2.60,3.15,4.3,2014,9784
18,18,19,statss.aspx?playerid=5524&position=P,Madison Bumgarner,SFG,18,10,0,33,33,217.1,9.07,1.78,0.87,.296,75.8%,44.4%,10.0%,92.8,2.98,,3.05,2.99,3.6,2014,5524
19,19,20,statss.aspx?playerid=2520&position=P,Lance Lynn,STL,15,10,0,33,33,203.2,8.00,3.18,0.57,.290,78.1%,44.3%,6.1%,93.7,2.74,,3.35,3.81,3.6,2014,2520
20,20,21,statss.aspx?playerid=9434&position=P,Dallas Keuchel,HOU,12,9,0,29,29,200.0,6.57,2.16,0.49,.295,75.5%,63.5%,9.6%,90.2,2.92,,3.21,3.20,3.5,2014,9434
21,21,22,statss.aspx?playerid=12768&position=P,Sonny Gray,OAK,14,10,0,33,33,219.0,7.52,3.04,0.62,.277,74.5%,55.9%,9.4%,94.3,3.08,,3.46,3.47,3.5,2014,12768
22,22,23,statss.aspx?playerid=6797&position=P,Julio Teheran,ATL,14,13,0,33,33,221.0,7.57,2.08,0.90,.267,75.9%,34.8%,8.1%,92.2,2.89,,3.49,3.72,3.4,2014,6797
26,26,27,statss.aspx?playerid=8753&position=P,Tanner Roark,WSN,15,10,0,31,31,198.2,6.25,1.77,0.72,.270,79.3%,41.4%,7.0%,91.8,2.85,,3.47,3.84,3.3,2014,8753
30,30,31,statss.aspx?playerid=2717&position=P,Rick Porcello,DET,15,13,0,32,31,204.2,5.67,1.80,0.79,.298,72.4%,49.0%,9.5%,91.5,3.43,,3.67,3.68,3.0,2014,2717
31,31,32,statss.aspx?playerid=6345&position=P,Chris Archer,TBR,10,9,0,32,32,194.2,8.00,3.33,0.55,.296,71.6%,46.5%,6.9%,95.6,3.33,,3.39,3.70,2.9,2014,6345
33,33,34,statss.aspx?playerid=6986&position=P,Ian Kennedy,SDP,13,13,0,33,33,201.0,9.27,3.13,0.72,.315,74.0%,39.7%,7.8%,92.6,3.63,,3.21,3.44,2.8,2014,6986
37,37,38,statss.aspx?playerid=10123&position=P,Kyle Gibson,MIN,13,12,0,31,31,179.1,5.37,2.86,0.60,.287,66.3%,54.4%,7.8%,92.6,4.47,,3.80,3.99,2.7,2014,10123
38,38,39,statss.aspx?playerid=7872&position=P,Tyson Ross,SDP,13,14,0,31,31,195.2,8.97,3.31,0.60,.291,75.1%,57.0%,11.3%,94.5,2.81,,3.24,3.11,2.6,2014,7872
40,40,41,statss.aspx?playerid=10732&position=P,Drew Hutchison,TOR,11,13,0,32,32,184.2,8.97,2.92,1.12,.293,71.2%,36.1%,9.7%,92.9,4.48,,3.85,3.82,2.6,2014,10732
41,41,42,statss.aspx?playerid=11855&position=P,Yordano Ventura,KCR,14,10,0,31,30,183.0,7.82,3.39,0.69,.288,77.3%,47.6%,8.3%,98.0,3.20,,3.60,3.74,2.6,2014,11855
42,42,43,statss.aspx?playerid=5669&position=P,Henderson Alvarez,MIA,12,7,0,30,30,187.0,5.34,1.59,0.67,.304,79.3%,53.8%,9.5%,94.4,2.65,,3.58,3.57,2.5,2014,5669
44,44,45,statss.aspx?playerid=6562&position=P,Alex Cobb,TBR,10,9,0,27,27,166.1,8.06,2.54,0.60,.282,77.9%,56.2%,8.5%,92.7,2.87,,3.23,3.33,2.5,2014,6562
45,45,46,statss.aspx?playerid=3340&position=P,Matt Garza,MIL,8,8,0,27,27,163.1,6.94,2.76,0.66,.268,66.6%,43.3%,7.0%,93.4,3.64,,3.54,3.88,2.5,2014,3340
46,46,47,statss.aspx?playerid=10310&position=P,Zack Wheeler,NYM,11,11,0,32,32,185.1,9.08,3.84,0.68,.304,72.9%,54.0%,10.1%,96.1,3.54,,3.55,3.49,2.4,2014,10310
47,47,48,statss.aspx?playerid=4424&position=P,Jon Niese,NYM,9,11,0,30,30,187.2,6.62,2.16,0.82,.304,74.6%,47.7%,9.8%,89.6,3.40,,3.67,3.63,2.4,2014,4424
49,49,50,statss.aspx?playerid=5279&position=P,Chris Tillman,BAL,13,6,0,34,34,207.1,6.51,2.86,0.91,.267,76.7%,40.6%,8.3%,91.5,3.34,,4.01,4.20,2.3,2014,5279
51,51,52,statss.aspx?playerid=8044&position=P,Jason Vargas,KCR,11,10,0,30,30,187.0,6.16,1.97,0.91,.299,74.5%,38.3%,8.2%,88.1,3.71,,3.84,4.05,2.3,2014,8044
52,52,53,statss.aspx?playerid=6570&position=P,Tom Koehler,MIA,10,10,0,32,32,191.1,7.20,3.34,0.75,.290,73.5%,43.1%,7.4%,93.8,3.81,,3.84,4.15,2.2,2014,6570
53,53,54,statss.aspx?playerid=10304&position=P,Jarred Cosart,- - -,13,11,0,30,30,180.1,5.74,3.64,0.45,.290,71.5%,54.2%,6.0%,,3.69,,3.77,4.15,2.0,2014,10304
55,55,56,statss.aspx?playerid=4538&position=P,Jason Hammel,- - -,10,11,0,30,29,176.1,8.06,2.25,1.17,.272,78.3%,39.7%,12.0%,93.4,3.47,,3.92,3.57,1.8,2014,4538
56,56,57,statss.aspx?playerid=6397&position=P,Jake Odorizzi,TBR,11,13,0,31,31,168.0,9.32,3.16,1.07,.295,73.4%,29.9%,8.7%,91.4,4.13,,3.75,3.90,1.8,2014,6397
57,57,58,statss.aspx?playerid=1245&position=P,R.A. Dickey,TOR,14,13,0,34,34,215.2,7.22,3.09,1.09,.263,73.4%,42.0%,10.7%,82.8,3.71,,4.32,4.14,1.8,2014,1245
62,62,63,statss.aspx?playerid=3201&position=P,Francisco Liriano,PIT,7,10,0,29,29,162.1,9.70,4.49,0.72,.280,74.7%,54.4%,11.6%,93.6,3.38,,3.59,3.40,1.6,2014,3201
63,63,64,statss.aspx?playerid=8173&position=P,Yovani Gallardo,MIL,8,11,0,32,32,192.1,6.83,2.53,0.98,.294,74.7%,50.8%,12.1%,92.1,3.51,,3.94,3.64,1.6,2014,8173
64,64,65,statss.aspx?playerid=7312&position=P,Josh Collmenter,ARI,11,9,1,33,28,179.1,5.77,1.96,0.90,.267,72.5%,38.8%,8.3%,74.8,3.46,,3.87,4.07,1.6,2014,7312
65,65,66,statss.aspx?playerid=9425&position=P,Doug Fister,WSN,16,6,0,25,25,164.0,5.38,1.32,0.99,.262,83.1%,48.9%,10.1%,88.5,2.41,,3.93,3.85,1.5,2014,9425
66,66,67,statss.aspx?playerid=7738&position=P,Wily Peralta,MIL,17,11,0,32,32,198.2,6.98,2.76,1.04,.295,76.1%,53.6%,13.9%,96.3,3.53,,4.11,3.64,1.5,2014,7738
68,68,69,statss.aspx?playerid=9884&position=P,Travis Wood,CHC,8,13,0,31,31,173.2,7.57,3.94,1.04,.320,66.5%,34.4%,8.8%,89.6,5.03,,4.38,4.51,1.4,2014,9884
70,70,71,statss.aspx?playerid=3543&position=P,Clay Buchholz,BOS,8,11,0,28,28,170.1,6.97,2.85,0.90,.315,62.1%,46.6%,9.2%,92.7,5.34,,4.01,4.04,1.3,2014,3543
71,71,72,statss.aspx?playerid=2155&position=P,Alfredo Simon,CIN,15,10,0,32,32,196.1,5.82,2.57,1.01,.265,77.5%,48.2%,11.8%,94.3,3.44,,4.33,4.05,1.3,2014,2155
72,72,73,statss.aspx?playerid=8779&position=P,Wade Miley,ARI,8,12,0,33,33,201.1,8.18,3.35,1.03,.317,72.1%,51.1%,13.9%,92.2,4.34,,3.98,3.50,1.3,2014,8779
73,73,74,statss.aspx?playerid=9492&position=P,Bud Norris,BAL,15,8,0,28,28,165.1,7.57,2.83,1.09,.279,78.6%,42.2%,11.2%,94.2,3.65,,4.22,3.98,1.3,2014,9492
75,75,76,statss.aspx?playerid=1259&position=P,Colby Lewis,TEX,10,14,0,29,29,170.1,7.03,2.54,1.32,.339,69.0%,33.0%,10.1%,89.7,5.18,,4.46,4.36,1.2,2014,1259
76,76,77,statss.aspx?playerid=2072&position=P,Jeremy Guthrie,KCR,13,11,0,32,32,202.2,5.51,2.18,1.02,.294,72.4%,43.6%,9.4%,92.6,4.13,,4.32,4.33,1.2,2014,2072
77,77,78,statss.aspx?playerid=12673&position=P,Roenis Elias,SEA,10,12,0,29,29,163.2,7.86,3.52,0.88,.294,73.2%,45.4%,10.1%,92.8,3.85,,4.03,3.95,1.1,2014,12673
78,78,79,statss.aspx?playerid=6230&position=P,Kyle Kendrick,PHI,10,13,0,32,32,199.0,5.47,2.58,1.13,.290,70.4%,44.6%,11.0%,91.7,4.61,,4.57,4.35,1.0,2014,6230
80,80,81,statss.aspx?playerid=3990&position=P,Edinson Volquez,PIT,13,7,0,32,31,192.2,6.54,3.32,0.79,.263,77.5%,50.4%,9.1%,94.2,3.04,,4.15,4.20,0.7,2014,3990
81,81,82,statss.aspx?playerid=10197&position=P,Shelby Miller,STL,10,9,0,32,31,183.0,6.25,3.59,1.08,.256,76.9%,39.9%,9.9%,94.3,3.74,,4.54,4.47,0.6,2014,10197
82,82,83,statss.aspx?playerid=6329&position=P,John Danks,CHW,11,11,0,32,32,193.2,5.99,3.44,1.16,.291,71.9%,42.3%,10.4%,89.3,4.74,,4.76,4.62,0.5,2014,6329
84,84,85,statss.aspx?playerid=3292&position=P,Hector Noesi,- - -,8,12,0,33,27,172.1,6.42,2.92,1.46,.290,70.4%,38.0%,12.7%,93.7,4.75,,4.83,4.29,0.2,2014,3292
87,87,88,statss.aspx?playerid=8011&position=P,Eric Stults,SDP,8,17,0,32,32,176.0,5.68,2.30,1.33,.296,73.0%,43.3%,12.5%,88.7,4.30,,4.63,4.17,-0.4,2014,8011
0,0,1,statss.aspx?playerid=2036&position=P,Clayton Kershaw,LAD,16,7,0,33,33,232.2,11.64,1.62,0.58,.281,78.3%,50.0%,10.1%,94.1,2.13,2.11,1.99,2.09,8.6,2015,2036
1,1,2,statss.aspx?playerid=4153&position=P,Jake Arrieta,CHC,22,6,0,33,33,229.0,9.28,1.89,0.39,.246,80.0%,56.2%,7.8%,94.8,1.77,2.35,2.35,2.61,7.0,2015,4153
4,4,5,statss.aspx?playerid=9434&position=P,Dallas Keuchel,HOU,20,8,0,33,33,232.0,8.38,1.98,0.66,.269,79.4%,61.7%,13.6%,90.4,2.48,2.83,2.91,2.75,5.7,2015,9434
6,6,7,statss.aspx?playerid=2429&position=P,Corey Kluber,CLE,9,16,0,32,32,222.0,9.93,1.82,0.89,.297,71.4%,42.4%,10.7%,93.5,3.49,3.29,2.97,3.05,5.6,2015,2429
8,8,9,statss.aspx?playerid=6345&position=P,Chris Archer,TBR,12,13,0,34,34,212.0,10.70,2.80,0.81,.295,73.1%,46.1%,10.4%,96.0,3.23,3.22,2.90,3.01,5.1,2015,6345
9,9,10,statss.aspx?playerid=13125&position=P,Gerrit Cole,PIT,19,8,0,32,32,208.0,8.74,1.90,0.48,.304,74.9%,48.0%,6.5%,96.4,2.60,3.54,2.66,3.16,5.1,2015,13125
10,10,11,statss.aspx?playerid=5524&position=P,Madison Bumgarner,SFG,18,9,0,32,32,218.1,9.65,1.61,0.87,.282,77.9%,41.7%,10.2%,92.9,2.93,3.12,2.87,3.01,4.9,2015,5524
12,12,13,statss.aspx?playerid=10954&position=P,Jacob deGrom,NYM,14,8,0,30,30,191.0,9.66,1.79,0.75,.271,78.0%,44.4%,9.5%,95.8,2.54,2.74,2.70,2.92,4.9,2015,10954
13,13,14,statss.aspx?playerid=6632&position=P,Carlos Carrasco,CLE,14,12,0,30,30,183.2,10.58,2.11,0.88,.304,71.8%,51.2%,13.2%,95.5,3.63,2.85,2.84,2.66,4.8,2015,6632
16,16,17,statss.aspx?playerid=6893&position=P,Johnny Cueto,- - -,11,13,0,32,32,212.0,7.47,1.95,0.89,.281,73.7%,42.4%,9.5%,93.2,3.44,3.69,3.53,3.78,4.1,2015,6893
17,17,18,statss.aspx?playerid=11713&position=P,Matt Harvey,NYM,13,8,0,29,29,189.1,8.94,1.76,0.86,.272,78.7%,46.0%,9.8%,96.6,2.71,2.59,3.05,3.24,4.0,2015,11713
18,18,19,statss.aspx?playerid=7872&position=P,Tyson Ross,SDP,10,12,0,33,33,196.0,9.73,3.86,0.41,.320,74.0%,61.5%,8.8%,93.8,3.26,3.12,2.98,3.15,4.0,2015,7872
19,19,20,statss.aspx?playerid=12768&position=P,Sonny Gray,OAK,14,7,0,31,31,208.0,7.31,2.55,0.74,.255,76.8%,52.7%,9.3%,94.1,2.73,3.44,3.45,3.69,3.9,2015,12768
20,20,21,statss.aspx?playerid=10197&position=P,Shelby Miller,ATL,6,17,0,33,33,205.1,7.50,3.20,0.57,.285,73.8%,47.7%,6.4%,95.0,3.02,3.31,3.45,4.07,3.7,2015,10197
21,21,22,statss.aspx?playerid=7448&position=P,Gio Gonzalez,WSN,11,8,0,31,31,175.2,8.66,3.54,0.41,.341,72.1%,53.8%,5.9%,92.9,3.79,3.77,3.05,3.59,3.7,2015,7448
22,22,23,statss.aspx?playerid=7531&position=P,Collin McHugh,HOU,19,7,0,32,32,203.2,7.56,2.34,0.84,.310,74.3%,45.4%,8.9%,91.3,3.89,3.36,3.58,3.91,3.5,2015,7531
24,24,25,statss.aspx?playerid=11682&position=P,Carlos Martinez,STL,14,7,0,31,29,179.2,9.22,3.16,0.65,.318,78.8%,54.5%,10.6%,96.6,3.01,3.44,3.21,3.28,3.3,2015,11682
25,25,26,statss.aspx?playerid=3201&position=P,Francisco Liriano,PIT,12,7,0,31,31,186.2,9.88,3.38,0.72,.293,74.2%,51.2%,11.7%,93.3,3.38,3.46,3.19,3.15,3.3,2015,3201
26,26,27,statss.aspx?playerid=12049&position=P,Kyle Hendricks,CHC,8,7,0,32,32,180.0,8.35,2.15,0.85,.296,69.9%,51.3%,12.4%,89.1,3.95,3.54,3.36,3.25,3.2,2015,12049
27,27,28,statss.aspx?playerid=13050&position=P,Anthony DeSclafani,CIN,9,13,0,31,31,184.2,7.36,2.68,0.83,.318,69.9%,45.1%,9.1%,93.6,4.05,3.91,3.67,3.97,3.1,2015,13050
28,28,29,statss.aspx?playerid=7410&position=P,J.A. Happ,- - -,11,8,0,32,31,172.0,7.90,2.35,0.84,.312,75.4%,41.6%,9.2%,92.8,3.61,3.80,3.41,3.69,3.1,2015,7410
29,29,30,statss.aspx?playerid=4505&position=P,Jordan Zimmermann,WSN,13,10,0,33,33,201.2,7.32,1.74,1.07,.302,74.5%,42.0%,10.9%,93.5,3.66,3.91,3.75,3.82,3.1,2015,4505
30,30,31,statss.aspx?playerid=5867&position=P,Danny Salazar,CLE,14,10,0,30,30,185.0,9.49,2.58,1.12,.278,74.5%,43.9%,12.4%,95.9,3.45,3.75,3.61,3.48,3.0,2015,5867
31,31,32,statss.aspx?playerid=2520&position=P,Lance Lynn,STL,12,11,0,31,31,175.1,8.57,3.49,0.67,.319,78.9%,44.2%,7.7%,93.0,3.03,3.77,3.44,3.90,3.0,2015,2520
32,32,33,statss.aspx?playerid=6397&position=P,Jake Odorizzi,TBR,9,9,0,28,28,169.1,7.97,2.44,0.96,.271,77.0%,37.3%,9.0%,92.2,3.35,4.08,3.61,3.96,2.9,2015,6397
33,33,34,statss.aspx?playerid=10123&position=P,Kyle Gibson,MIN,11,11,0,32,32,194.2,6.70,3.01,0.83,.287,73.0%,53.4%,11.4%,92.5,3.84,3.99,3.96,3.95,2.8,2015,10123
34,34,35,statss.aspx?playerid=9784&position=P,Garrett Richards,LAA,15,12,0,32,32,207.1,7.64,3.30,0.87,.274,71.8%,54.9%,12.0%,96.3,3.65,3.54,3.86,3.80,2.8,2015,9784
36,36,37,statss.aspx?playerid=11855&position=P,Yordano Ventura,KCR,13,8,0,28,28,163.1,8.60,3.20,0.77,.307,72.5%,52.2%,11.0%,96.9,4.08,4.05,3.57,3.60,2.7,2015,11855
37,37,38,statss.aspx?playerid=8779&position=P,Wade Miley,BOS,11,11,0,32,32,193.2,6.83,2.97,0.79,.307,69.7%,48.8%,9.2%,91.6,4.46,3.99,3.81,4.08,2.7,2015,8779
38,38,39,statss.aspx?playerid=3990&position=P,Edinson Volquez,KCR,13,9,0,34,33,200.1,6.96,3.23,0.72,.290,73.1%,46.0%,8.0%,94.5,3.55,4.52,3.82,4.26,2.7,2015,3990
41,41,42,statss.aspx?playerid=3374&position=P,Ubaldo Jimenez,BAL,12,10,0,32,32,184.0,8.22,3.33,0.98,.309,73.8%,49.1%,13.0%,92.1,4.11,3.83,4.01,3.83,2.6,2015,3374
42,42,43,statss.aspx?playerid=1259&position=P,Colby Lewis,TEX,17,9,0,33,33,204.2,6.24,1.85,1.14,.289,65.9%,33.7%,8.9%,89.3,4.66,4.52,4.17,4.62,2.6,2015,1259
44,44,45,statss.aspx?playerid=8173&position=P,Yovani Gallardo,TEX,13,11,0,33,33,184.1,5.91,3.32,0.73,.303,77.2%,49.3%,8.8%,91.4,3.42,4.34,4.00,4.31,2.6,2015,8173
46,46,47,statss.aspx?playerid=7754&position=P,Mike Fiers,- - -,7,10,0,31,30,180.1,8.98,3.19,1.20,.283,75.1%,37.6%,11.3%,90.2,3.69,3.80,4.03,4.04,2.4,2015,7754
48,48,49,statss.aspx?playerid=3254&position=P,Jeff Samardzija,CHW,11,13,0,32,32,214.0,6.86,2.06,1.22,.303,67.2%,39.0%,10.8%,94.3,4.96,4.34,4.23,4.31,2.3,2015,3254
49,49,50,statss.aspx?playerid=10314&position=P,Erasmo Ramirez,TBR,11,6,0,34,27,163.1,6.94,2.20,0.88,.272,70.5%,47.6%,10.4%,92.1,3.75,3.88,3.76,3.88,2.3,2015,10314
51,51,52,statss.aspx?playerid=4538&position=P,Jason Hammel,CHC,10,7,0,31,31,170.2,9.07,2.11,1.21,.288,72.8%,38.3%,12.8%,92.8,3.74,4.10,3.68,3.47,2.3,2015,4538
54,54,55,statss.aspx?playerid=5279&position=P,Chris Tillman,BAL,11,11,0,31,31,173.0,6.24,3.33,1.04,.293,68.2%,43.5%,10.4%,92.4,4.99,4.43,4.45,4.58,1.9,2015,5279
55,55,56,statss.aspx?playerid=10547&position=P,Jimmy Nelson,MIL,11,13,0,30,30,177.1,7.51,3.30,0.91,.285,70.4%,50.6%,11.8%,94.2,4.11,3.85,4.10,4.06,1.9,2015,10547
57,57,58,statss.aspx?playerid=1118&position=P,Marco Estrada,TOR,13,8,0,34,28,181.0,6.51,2.73,1.19,.216,79.2%,32.2%,8.7%,89.8,3.13,3.39,4.40,4.93,1.8,2015,1118
58,58,59,statss.aspx?playerid=12703&position=P,Trevor Bauer,CLE,11,12,0,31,30,176.0,8.69,4.04,1.18,.276,71.6%,39.2%,11.7%,93.6,4.55,3.96,4.33,4.28,1.8,2015,12703
59,59,60,statss.aspx?playerid=1245&position=P,R.A. Dickey,TOR,11,11,0,33,33,214.1,5.29,2.56,1.05,.257,73.3%,41.9%,9.8%,82.1,3.91,4.10,4.48,4.71,1.8,2015,1245
60,60,61,statss.aspx?playerid=11836&position=P,Taijuan Walker,SEA,11,8,0,29,29,169.2,8.33,2.12,1.33,.291,67.8%,38.6%,13.0%,94.8,4.56,4.19,4.06,3.82,1.8,2015,11836
61,61,62,statss.aspx?playerid=2717&position=P,Rick Porcello,BOS,9,15,0,28,28,172.0,7.80,1.99,1.31,.332,67.5%,45.7%,14.5%,92.6,4.92,4.46,4.13,3.72,1.7,2015,2717
63,63,64,statss.aspx?playerid=8223&position=P,Brett Anderson,LAD,10,9,0,31,31,180.1,5.79,2.30,0.90,.310,73.8%,66.3%,17.0%,91.7,3.69,3.51,3.94,3.51,1.5,2015,8223
64,64,65,statss.aspx?playerid=6797&position=P,Julio Teheran,ATL,11,8,0,33,33,200.2,7.67,3.27,1.21,.288,73.8%,39.5%,13.0%,92.2,4.04,4.74,4.40,4.18,1.4,2015,6797
65,65,66,statss.aspx?playerid=2155&position=P,Alfredo Simon,DET,13,12,0,31,31,187.0,5.63,3.27,1.16,.294,67.8%,43.6%,11.3%,93.4,5.05,5.27,4.77,4.77,1.4,2015,2155
66,66,67,statss.aspx?playerid=2929&position=P,Jeff Locke,PIT,8,11,0,30,30,168.1,6.90,3.21,0.80,.312,67.1%,51.0%,11.5%,92.1,4.49,3.85,3.95,3.94,1.3,2015,2929
67,67,68,statss.aspx?playerid=10302&position=P,Chris Heston,SFG,12,11,0,31,31,177.2,7.14,3.24,0.81,.299,73.3%,53.0%,11.8%,90.1,3.95,4.28,4.02,3.98,1.3,2015,10302
68,68,69,statss.aspx?playerid=6329&position=P,John Danks,CHW,7,15,0,30,30,177.2,6.28,2.84,1.22,.305,68.1%,38.2%,10.4%,89.9,4.71,4.02,4.49,4.65,1.3,2015,6329
72,72,73,statss.aspx?playerid=6570&position=P,Tom Koehler,MIA,11,14,0,32,31,187.1,6.58,3.70,1.06,.283,71.9%,46.0%,10.9%,92.9,4.08,4.37,4.53,4.58,0.9,2015,6570
74,74,75,statss.aspx?playerid=4424&position=P,Jon Niese,NYM,9,10,0,33,29,176.2,5.76,2.80,1.02,.300,71.5%,54.5%,14.3%,89.9,4.13,4.22,4.41,4.11,0.7,2015,4424
75,75,76,statss.aspx?playerid=4026&position=P,Hector Santiago,LAA,9,9,0,33,32,180.2,8.07,3.54,1.44,.252,79.9%,29.9%,10.2%,91.0,3.59,4.05,4.77,5.00,0.6,2015,4026
77,77,78,statss.aspx?playerid=6986&position=P,Ian Kennedy,SDP,9,15,0,30,30,168.1,9.30,2.78,1.66,.301,71.6%,38.5%,17.2%,92.2,4.28,4.46,4.51,3.70,0.4,2015,6986
0,0,1,statss.aspx?playerid=11530&position=P,Jose Fernandez,MIA,16,8,0,29,29,182.1,12.49,2.71,0.64,.332,76.6%,40.2%,10.0%,96.0,2.86,3.00,2.30,2.56,6.3,2016,11530
1,1,2,statss.aspx?playerid=11762&position=P,Noah Syndergaard,NYM,14,9,0,31,30,183.2,10.68,2.11,0.54,.334,76.9%,51.2%,8.6%,98.9,2.60,2.78,2.29,2.67,6.0,2016,11762
5,5,6,statss.aspx?playerid=2717&position=P,Rick Porcello,BOS,22,4,0,33,33,223.0,7.63,1.29,0.93,.269,74.3%,43.1%,9.3%,92.4,3.15,3.80,3.40,3.89,5.1,2016,2717
7,7,8,statss.aspx?playerid=2429&position=P,Corey Kluber,CLE,18,9,0,32,32,215.0,9.50,2.39,0.92,.271,74.8%,44.5%,10.8%,93.1,3.14,3.31,3.26,3.50,4.9,2016,2429
8,8,9,statss.aspx?playerid=6893&position=P,Johnny Cueto,SFG,18,5,0,32,32,219.2,8.11,1.84,0.61,.293,78.0%,50.2%,8.4%,92.5,2.79,3.53,2.96,3.42,4.9,2016,6893
11,11,12,statss.aspx?playerid=5524&position=P,Madison Bumgarner,SFG,15,9,0,34,34,226.2,9.97,2.14,1.03,.265,79.1%,39.6%,10.7%,91.6,2.74,3.24,3.24,3.54,4.3,2016,5524
13,13,14,statss.aspx?playerid=12049&position=P,Kyle Hendricks,CHC,16,8,0,31,30,190.0,8.05,2.08,0.71,.250,81.5%,48.4%,9.3%,88.9,2.13,2.78,3.20,3.59,4.2,2016,12049
14,14,15,statss.aspx?playerid=14916&position=P,Jon Gray,COL,10,10,0,29,29,168.0,9.91,3.16,0.96,.308,66.4%,43.5%,12.8%,95.8,4.61,4.05,3.60,3.61,3.6,2016,14916
17,17,18,statss.aspx?playerid=4153&position=P,Jake Arrieta,CHC,18,8,0,31,31,197.1,8.67,3.47,0.73,.241,74.9%,52.6%,11.1%,94.4,3.10,3.56,3.52,3.68,3.5,2016,4153
18,18,19,statss.aspx?playerid=4371&position=P,Jeremy Hellickson,PHI,12,10,0,32,32,189.0,7.33,2.14,1.14,.274,72.5%,40.7%,12.7%,90.9,3.71,4.43,3.98,3.99,3.4,2016,4371
21,21,22,statss.aspx?playerid=8753&position=P,Tanner Roark,WSN,16,10,0,34,33,210.0,7.37,3.13,0.73,.269,79.5%,48.7%,9.4%,93.0,2.83,3.93,3.79,4.17,3.3,2016,8753
22,22,23,statss.aspx?playerid=11486&position=P,Robbie Ray,ARI,8,15,0,32,32,174.1,11.25,3.67,1.24,.352,68.7%,45.7%,15.5%,95.0,4.90,4.25,3.76,3.45,3.3,2016,11486
23,23,24,statss.aspx?playerid=5372&position=P,Michael Pineda,NYY,6,12,0,32,32,175.2,10.61,2.72,1.38,.339,70.7%,45.8%,17.0%,94.7,4.82,3.88,3.80,3.30,3.2,2016,5372
24,24,25,statss.aspx?playerid=11682&position=P,Carlos Martinez,STL,16,9,0,31,31,195.1,8.02,3.23,0.69,.286,79.5%,56.4%,10.6%,97.2,3.04,3.33,3.61,3.81,3.2,2016,11682
26,26,27,statss.aspx?playerid=6797&position=P,Julio Teheran,ATL,7,10,0,30,30,188.0,7.99,1.96,1.05,.260,77.8%,39.1%,10.0%,91.7,3.21,3.72,3.69,4.13,3.0,2016,6797
27,27,28,statss.aspx?playerid=12664&position=P,Jerad Eickhoff,PHI,11,14,0,33,33,197.1,7.62,1.92,1.37,.278,76.4%,40.7%,13.1%,91.5,3.65,3.59,4.19,4.15,3.0,2016,12664
29,29,30,statss.aspx?playerid=6345&position=P,Chris Archer,TBR,9,19,0,33,33,201.1,10.42,3.00,1.34,.296,72.5%,47.8%,16.2%,95.1,4.02,3.82,3.81,3.41,2.9,2016,6345
31,31,32,statss.aspx?playerid=3542&position=P,Danny Duffy,KCR,12,3,0,42,26,179.2,9.42,2.10,1.35,.291,80.9%,36.4%,13.0%,95.6,3.51,3.99,3.83,3.79,2.9,2016,3542
33,33,34,statss.aspx?playerid=7410&position=P,J.A. Happ,TOR,20,4,0,32,32,195.0,7.52,2.77,1.02,.268,79.7%,42.5%,11.1%,92.8,3.18,4.37,3.96,4.18,2.8,2016,7410
34,34,35,statss.aspx?playerid=7448&position=P,Gio Gonzalez,WSN,11,11,0,32,32,177.1,8.68,2.99,0.96,.316,67.6%,47.6%,12.5%,91.8,4.57,4.22,3.76,3.80,2.8,2016,7448
37,37,38,statss.aspx?playerid=7531&position=P,Collin McHugh,HOU,13,10,0,33,33,184.2,8.63,2.63,1.22,.338,75.2%,41.3%,11.8%,91.0,4.34,3.48,3.95,4.09,2.7,2016,7531
38,38,39,statss.aspx?playerid=1118&position=P,Marco Estrada,TOR,9,9,0,29,29,176.0,8.44,3.32,1.18,.234,75.8%,33.5%,9.9%,88.8,3.48,3.66,4.15,4.64,2.7,2016,1118
42,42,43,statss.aspx?playerid=12703&position=P,Trevor Bauer,CLE,12,8,0,35,28,190.0,7.96,3.32,0.95,.292,70.4%,48.7%,11.6%,94.1,4.26,4.49,3.99,4.13,2.6,2016,12703
43,43,44,statss.aspx?playerid=13183&position=P,Zach Davies,MIL,11,7,0,28,28,163.1,7.44,2.09,1.10,.302,72.0%,45.5%,12.4%,89.6,3.97,3.61,3.89,3.94,2.5,2016,13183
44,44,45,statss.aspx?playerid=5279&position=P,Chris Tillman,BAL,16,6,0,30,30,172.0,7.33,3.45,0.99,.282,77.0%,41.2%,10.5%,92.4,3.77,4.65,4.23,4.54,2.5,2016,5279
46,46,47,statss.aspx?playerid=10587&position=P,Chad Bettis,COL,14,8,0,32,32,186.0,6.68,2.85,1.06,.310,68.1%,51.2%,13.9%,92.5,4.79,4.65,4.26,4.14,2.5,2016,10587
48,48,49,statss.aspx?playerid=9434&position=P,Dallas Keuchel,HOU,9,12,0,26,26,168.0,7.71,2.57,1.07,.304,68.4%,56.7%,16.4%,89.1,4.55,3.93,3.87,3.53,2.4,2016,9434
49,49,50,statss.aspx?playerid=6902&position=P,Martin Perez,TEX,10,11,0,33,33,198.2,4.67,3.44,0.82,.286,67.4%,53.2%,10.4%,93.6,4.39,5.45,4.50,4.77,2.3,2016,6902
50,50,51,statss.aspx?playerid=1994&position=P,Ivan Nova,- - -,12,8,1,32,26,162.0,7.06,1.56,1.28,.306,72.9%,53.6%,16.4%,93.2,4.17,4.43,4.11,3.70,2.3,2016,1994
51,51,52,statss.aspx?playerid=3254&position=P,Jeff Samardzija,SFG,12,11,0,32,32,203.1,7.39,2.39,1.06,.285,74.3%,46.5%,11.9%,94.8,3.81,3.99,3.85,3.96,2.2,2016,3254
52,52,53,statss.aspx?playerid=1890&position=P,Matt Moore,- - -,13,12,0,33,33,198.1,8.08,3.27,1.13,.285,74.4%,38.2%,10.4%,93.6,4.08,4.25,4.17,4.56,2.0,2016,1890
53,53,54,statss.aspx?playerid=6986&position=P,Ian Kennedy,KCR,11,11,0,33,33,195.2,8.46,3.04,1.52,.268,83.1%,33.2%,12.8%,92.9,3.68,4.43,4.67,4.67,2.0,2016,6986
54,54,55,statss.aspx?playerid=15514&position=P,Kendall Graveman,OAK,10,11,0,31,31,186.0,5.23,2.27,1.06,.289,74.4%,52.1%,12.9%,93.1,4.11,5.14,4.39,4.38,1.9,2016,15514
55,55,56,statss.aspx?playerid=6397&position=P,Jake Odorizzi,TBR,10,6,0,33,33,187.2,7.96,2.59,1.39,.271,79.0%,36.6%,12.0%,92.4,3.69,4.25,4.31,4.44,1.8,2016,6397
56,56,57,statss.aspx?playerid=11760&position=P,Drew Smyly,TBR,7,12,0,30,30,175.1,8.57,2.52,1.64,.291,67.7%,31.3%,12.7%,90.9,4.88,3.77,4.49,4.51,1.8,2016,11760
57,57,58,statss.aspx?playerid=8779&position=P,Wade Miley,- - -,9,13,0,30,30,166.0,7.43,2.66,1.36,.328,68.6%,47.3%,16.2%,91.1,5.37,5.14,4.45,4.04,1.8,2016,8779
58,58,59,statss.aspx?playerid=3990&position=P,Edinson Volquez,KCR,10,11,0,34,34,189.1,6.61,3.61,1.09,.319,65.7%,51.2%,12.8%,94.2,5.37,5.21,4.57,4.58,1.7,2016,3990
59,59,60,statss.aspx?playerid=11855&position=P,Yordano Ventura,KCR,11,12,0,32,32,186.0,6.97,3.77,1.11,.297,73.8%,50.2%,12.8%,96.8,4.45,5.04,4.59,4.59,1.6,2016,11855
60,60,61,statss.aspx?playerid=7754&position=P,Mike Fiers,HOU,11,8,0,31,30,168.2,7.15,2.24,1.39,.313,73.6%,42.2%,15.2%,90.3,4.48,4.71,4.43,4.12,1.5,2016,7754
61,61,62,statss.aspx?playerid=4538&position=P,Jason Hammel,CHC,15,10,0,30,30,166.2,7.78,2.86,1.35,.267,76.0%,42.1%,13.8%,92.7,3.83,4.49,4.48,4.34,1.3,2016,4538
62,62,63,statss.aspx?playerid=9460&position=P,Dan Straily,CIN,14,8,0,34,31,191.1,7.62,3.43,1.46,.239,81.2%,32.0%,12.0%,89.8,3.76,4.46,4.88,5.02,1.2,2016,9460
63,63,64,statss.aspx?playerid=6570&position=P,Tom Koehler,MIA,9,13,0,33,33,176.2,7.49,4.23,1.12,.298,73.3%,42.2%,12.1%,92.6,4.33,4.74,4.60,4.69,1.1,2016,6570
64,64,65,statss.aspx?playerid=8137&position=P,Jaime Garcia,STL,10,13,0,32,30,171.2,7.86,2.99,1.36,.305,72.1%,56.7%,20.2%,91.4,4.67,4.05,4.49,3.77,1.1,2016,8137
65,65,66,statss.aspx?playerid=9388&position=P,Josh Tomlin,CLE,13,9,0,30,29,174.0,6.10,1.03,1.86,.276,70.8%,43.8%,17.7%,88.4,4.40,4.71,4.88,4.13,1.0,2016,9388
66,66,67,statss.aspx?playerid=1245&position=P,R.A. Dickey,TOR,10,15,0,30,29,169.2,6.68,3.34,1.49,.279,70.9%,42.1%,14.7%,83.0,4.46,5.31,5.03,4.76,0.8,2016,1245
67,67,68,statss.aspx?playerid=9425&position=P,Doug Fister,HOU,12,13,0,32,32,180.1,5.74,3.09,1.20,.299,72.0%,45.3%,11.8%,87.9,4.64,4.68,4.75,4.89,0.8,2016,9425
68,68,69,statss.aspx?playerid=4026&position=P,Hector Santiago,- - -,13,10,0,33,33,182.0,7.12,3.91,1.63,.260,74.0%,34.1%,12.0%,92.0,4.70,5.42,5.31,5.46,0.8,2016,4026
70,70,71,statss.aspx?playerid=10547&position=P,Jimmy Nelson,MIL,8,16,0,32,32,179.1,7.03,4.32,1.25,.299,71.3%,49.4%,14.5%,93.8,4.62,4.55,5.12,4.91,0.5,2016,10547
71,71,72,statss.aspx?playerid=3201&position=P,Francisco Liriano,- - -,8,13,0,31,29,163.0,9.28,4.69,1.44,.296,71.3%,52.0%,18.8%,93.9,4.69,4.34,4.89,4.23,0.5,2016,3201
1,1,2,statss.aspx?playerid=2429&position=P,Corey Kluber,CLE,18,4,0,29,29,203.2,11.71,1.59,0.93,.267,82.6%,44.5%,13.5%,92.8,2.25,2.59,2.50,2.52,7.2,2017,2429
4,4,5,statss.aspx?playerid=15890&position=P,Luis Severino,NYY,14,6,0,31,31,193.1,10.71,2.37,0.98,.272,75.5%,50.6%,14.0%,97.6,2.98,3.10,3.07,3.04,5.6,2017,15890
5,5,6,statss.aspx?playerid=6632&position=P,Carlos Carrasco,CLE,18,6,0,32,32,200.0,10.17,2.07,0.95,.307,78.2%,45.2%,12.4%,94.6,3.29,3.71,3.10,3.24,5.4,2017,6632
7,7,8,statss.aspx?playerid=10547&position=P,Jimmy Nelson,MIL,12,6,0,29,29,175.1,10.21,2.46,0.82,.340,74.4%,50.3%,12.6%,94.4,3.49,3.45,3.05,3.15,4.8,2017,10547
9,9,10,statss.aspx?playerid=6345&position=P,Chris Archer,TBR,10,12,0,34,34,201.0,11.15,2.69,1.21,.325,71.3%,42.0%,14.1%,95.7,4.07,3.73,3.40,3.35,4.5,2017,6345
10,10,11,statss.aspx?playerid=2036&position=P,Clayton Kershaw,LAD,18,4,0,27,27,175.0,10.39,1.54,1.18,.267,87.4%,47.9%,15.9%,92.9,2.31,2.92,3.07,2.84,4.3,2017,2036
12,12,13,statss.aspx?playerid=10954&position=P,Jacob deGrom,NYM,15,10,0,31,31,201.1,10.68,2.64,1.25,.305,76.3%,45.3%,16.1%,95.9,3.53,3.17,3.50,3.23,4.1,2017,10954
14,14,15,statss.aspx?playerid=7448&position=P,Gio Gonzalez,WSN,15,9,0,32,32,201.0,8.42,3.54,0.94,.258,81.5%,45.8%,11.1%,90.4,2.96,3.71,3.93,4.24,3.8,2017,7448
15,15,16,statss.aspx?playerid=3254&position=P,Jeff Samardzija,SFG,9,15,0,32,32,207.2,8.88,1.39,1.30,.303,67.5%,41.5%,13.8%,94.5,4.42,3.87,3.61,3.60,3.8,2017,3254
17,17,18,statss.aspx?playerid=13218&position=P,Michael Fulmer,DET,10,12,0,25,25,164.2,6.23,2.19,0.71,.273,65.6%,49.2%,8.8%,95.8,3.83,4.12,3.67,4.24,3.6,2017,13218
19,19,20,statss.aspx?playerid=13125&position=P,Gerrit Cole,PIT,12,12,0,33,33,203.0,8.69,2.44,1.37,.298,74.6%,45.8%,15.9%,96.2,4.26,4.33,4.08,3.81,3.4,2017,13125
20,20,21,statss.aspx?playerid=11486&position=P,Robbie Ray,ARI,15,5,0,28,28,162.0,12.11,3.94,1.28,.267,84.5%,40.3%,15.6%,94.3,2.89,3.76,3.72,3.49,3.3,2017,11486
21,21,22,statss.aspx?playerid=11682&position=P,Carlos Martinez,STL,12,11,0,32,32,205.0,9.53,3.12,1.19,.284,74.9%,51.3%,16.4%,96.6,3.64,3.42,3.91,3.63,3.2,2017,11682
23,23,24,statss.aspx?playerid=9323&position=P,Patrick Corbin,ARI,14,13,0,33,32,189.2,8.45,2.89,1.23,.326,74.3%,50.4%,15.3%,92.6,4.03,4.42,4.08,3.89,3.0,2017,9323
27,27,28,statss.aspx?playerid=12703&position=P,Trevor Bauer,CLE,17,9,0,32,31,176.1,10.00,3.06,1.28,.337,76.8%,46.4%,16.1%,94.2,4.19,4.42,3.88,3.60,2.8,2017,12703
29,29,30,statss.aspx?playerid=8753&position=P,Tanner Roark,WSN,13,11,0,32,30,181.1,8.24,3.18,1.14,.300,66.3%,48.2%,13.5%,92.8,4.67,4.27,4.13,4.15,2.8,2017,8753
30,30,31,statss.aspx?playerid=12768&position=P,Sonny Gray,- - -,10,12,0,27,27,162.1,8.48,3.16,1.05,.269,69.6%,52.8%,15.1%,93.7,3.55,4.12,3.90,3.76,2.7,2017,12768
32,32,33,statss.aspx?playerid=13183&position=P,Zach Davies,MIL,17,9,0,33,33,191.1,5.83,2.59,0.94,.302,74.2%,50.2%,12.0%,89.6,3.90,4.93,4.22,4.42,2.7,2017,13183
34,34,35,statss.aspx?playerid=1118&position=P,Marco Estrada,TOR,10,9,0,33,33,186.0,8.52,3.44,1.50,.295,71.9%,30.3%,11.2%,89.9,4.98,3.98,4.61,5.09,2.6,2017,1118
36,36,37,statss.aspx?playerid=4153&position=P,Jake Arrieta,CHC,14,10,0,30,30,168.1,8.71,2.94,1.23,.279,72.8%,45.1%,14.0%,92.4,3.53,3.98,4.16,4.11,2.5,2017,4153
37,37,38,statss.aspx?playerid=15038&position=P,German Marquez,COL,11,7,0,29,29,162.0,8.17,2.72,1.39,.316,76.0%,45.2%,15.4%,95.1,4.39,4.54,4.40,4.18,2.4,2017,15038
38,38,39,statss.aspx?playerid=2608&position=P,Jhoulys Chacin,SDP,13,10,0,32,32,180.1,7.64,3.59,0.95,.272,74.4%,49.1%,11.4%,91.8,3.89,4.04,4.26,4.54,2.3,2017,2608
39,39,40,statss.aspx?playerid=4538&position=P,Jason Hammel,KCR,8,13,0,32,32,180.1,7.24,2.40,1.30,.318,68.4%,38.0%,10.6%,92.3,5.29,5.23,4.37,4.92,2.3,2017,4538
40,40,41,statss.aspx?playerid=6562&position=P,Alex Cobb,TBR,12,10,0,29,29,179.1,6.42,2.21,1.10,.282,75.7%,47.8%,13.0%,91.7,3.66,4.54,4.16,4.24,2.2,2017,6562
42,42,43,statss.aspx?playerid=6902&position=P,Martin Perez,TEX,13,12,0,32,32,185.0,5.59,3.06,1.12,.328,70.6%,47.3%,13.3%,93.4,4.82,5.63,4.65,4.70,2.2,2017,6902
43,43,44,statss.aspx?playerid=1994&position=P,Ivan Nova,PIT,11,14,0,31,31,187.0,6.30,1.73,1.40,.299,73.0%,45.7%,15.8%,93.3,4.14,5.10,4.46,4.19,2.2,2017,1994
44,44,45,statss.aspx?playerid=3551&position=P,Clayton Richard,SDP,8,15,0,32,32,197.1,6.89,2.69,1.09,.351,70.6%,59.2%,19.4%,91.7,4.79,4.61,4.23,3.76,2.2,2017,3551
45,45,46,statss.aspx?playerid=2717&position=P,Rick Porcello,BOS,11,17,0,33,33,203.1,8.01,2.12,1.68,.324,69.7%,39.2%,14.7%,92.5,4.65,4.96,4.60,4.43,2.0,2017,2717
46,46,47,statss.aspx?playerid=9460&position=P,Dan Straily,MIA,10,9,0,33,33,181.2,8.42,2.97,1.54,.288,76.4%,34.2%,13.0%,90.7,4.26,4.01,4.58,4.70,2.0,2017,9460
47,47,48,statss.aspx?playerid=8044&position=P,Jason Vargas,KCR,18,11,0,32,32,179.2,6.71,2.91,1.35,.289,77.6%,40.3%,12.1%,86.4,4.16,4.57,4.67,4.94,1.8,2017,8044
48,48,49,statss.aspx?playerid=14682&position=P,Luis Perdomo,SDP,8,11,0,29,29,163.2,6.49,3.57,0.93,.325,68.3%,61.8%,15.6%,94.4,4.67,4.89,4.40,4.24,1.7,2017,14682
49,49,50,statss.aspx?playerid=1245&position=P,R.A. Dickey,ATL,10,10,0,31,31,190.0,6.44,3.17,1.23,.290,73.2%,46.9%,13.2%,83.8,4.26,4.36,4.72,4.79,1.5,2017,1245
50,50,51,statss.aspx?playerid=2520&position=P,Lance Lynn,STL,11,8,0,33,33,186.1,7.39,3.77,1.30,.244,79.0%,44.0%,14.2%,92.5,3.43,4.27,4.82,4.75,1.2,2017,2520
51,51,52,statss.aspx?playerid=14361&position=P,Ty Blach,SFG,8,12,0,34,24,163.2,4.01,2.36,0.93,.290,66.3%,46.7%,9.6%,90.3,4.78,4.93,4.42,5.01,1.2,2017,14361
52,52,53,statss.aspx?playerid=6797&position=P,Julio Teheran,ATL,11,13,0,32,32,188.1,7.22,3.44,1.48,.281,73.1%,40.0%,13.7%,91.8,4.49,4.57,4.95,4.96,1.0,2017,6797
53,53,54,statss.aspx?playerid=1890&position=P,Matt Moore,SFG,6,15,0,32,31,174.1,7.64,3.46,1.39,.320,66.9%,37.7%,11.6%,92.3,5.52,5.81,4.75,5.10,1.0,2017,1890
56,56,57,statss.aspx?playerid=4371&position=P,Jeremy Hellickson,- - -,8,11,0,30,30,164.0,5.27,2.58,1.92,.246,66.3%,34.9%,15.1%,90.2,5.43,5.44,5.77,5.51,0.3,2017,4371
57,57,58,statss.aspx?playerid=11589&position=P,Jose Urena,MIA,14,7,0,34,28,169.2,5.99,3.39,1.38,.249,79.0%,43.1%,13.1%,95.8,3.82,5.23,5.20,5.29,0.2,2017,11589
0,0,1,statss.aspx?playerid=10954&position=P,Jacob deGrom,NYM,10,9,0,32,32,217.0,11.16,1.91,0.41,.281,82.0%,46.4%,6.3%,96.3,1.70,2.46,1.99,2.60,9.0,2018,10954
3,3,4,statss.aspx?playerid=13125&position=P,Gerrit Cole,HOU,15,5,0,32,32,200.1,12.40,2.88,0.85,.286,77.9%,36.0%,10.0%,96.6,2.88,3.06,2.70,3.03,5.9,2018,13125
4,4,5,statss.aspx?playerid=12703&position=P,Trevor Bauer,CLE,12,6,1,28,27,175.1,11.34,2.93,0.46,.297,79.5%,44.5%,6.2%,94.6,2.21,2.81,2.44,3.13,5.8,2018,12703
5,5,6,statss.aspx?playerid=9323&position=P,Patrick Corbin,ARI,11,7,0,33,33,200.0,11.07,2.16,0.68,.302,74.7%,48.5%,11.1%,90.9,3.15,3.35,2.47,2.61,5.8,2018,9323
7,7,8,statss.aspx?playerid=2429&position=P,Corey Kluber,CLE,20,7,0,33,33,215.0,9.29,1.42,1.05,.276,77.9%,44.4%,13.1%,92.1,2.89,3.20,3.12,3.08,5.5,2018,2429
8,8,9,statss.aspx?playerid=15890&position=P,Luis Severino,NYY,19,8,0,32,32,191.1,10.35,2.16,0.89,.314,75.0%,41.1%,11.4%,97.7,3.39,3.76,2.95,3.10,5.4,2018,15890
9,9,10,statss.aspx?playerid=6632&position=P,Carlos Carrasco,CLE,17,10,0,32,30,192.0,10.83,2.02,0.98,.315,74.8%,46.8%,13.1%,93.8,3.37,3.35,2.94,2.90,5.2,2018,6632
10,10,11,statss.aspx?playerid=13543&position=P,Blake Snell,TBR,21,5,0,31,31,180.2,11.01,3.19,0.80,.241,88.0%,44.7%,10.7%,96.0,1.89,3.15,2.94,3.16,4.7,2018,13543
12,12,13,statss.aspx?playerid=10310&position=P,Zack Wheeler,NYM,12,7,0,29,29,182.1,8.84,2.71,0.69,.279,74.6%,44.2%,8.1%,96.0,3.31,3.23,3.25,3.81,4.2,2018,10310
13,13,14,statss.aspx?playerid=12808&position=P,Mike Clevinger,CLE,13,8,0,32,32,200.0,9.31,3.01,0.94,.280,79.8%,40.5%,10.2%,93.8,3.01,3.35,3.52,3.86,4.2,2018,12808
14,14,15,statss.aspx?playerid=15038&position=P,German Marquez,COL,14,11,0,33,33,196.0,10.56,2.62,1.10,.311,73.2%,47.3%,15.7%,95.3,3.77,3.32,3.40,3.10,4.1,2018,15038
15,15,16,statss.aspx?playerid=16256&position=P,Kyle Freeland,COL,17,7,0,33,33,202.1,7.70,3.11,0.76,.285,82.8%,46.0%,8.5%,92.0,2.85,3.79,3.67,4.22,4.1,2018,16256
16,16,17,statss.aspx?playerid=11674&position=P,Jameson Taillon,PIT,14,10,0,32,32,191.0,8.43,2.17,0.94,.298,79.8%,46.2%,11.7%,95.3,3.20,3.52,3.46,3.58,3.9,2018,11674
17,17,18,statss.aspx?playerid=10811&position=P,Mike Foltynewicz,ATL,13,10,0,31,31,183.0,9.93,3.34,0.84,.251,77.1%,43.1%,9.6%,96.4,2.85,3.13,3.37,3.77,3.8,2018,10811
18,18,19,statss.aspx?playerid=15467&position=P,Marco Gonzales,SEA,13,9,0,29,29,166.2,7.83,1.73,0.92,.319,72.0%,44.9%,11.3%,90.2,4.00,4.09,3.43,3.59,3.5,2018,15467
19,19,20,statss.aspx?playerid=12049&position=P,Kyle Hendricks,CHC,14,11,0,33,33,199.0,7.28,1.99,0.99,.281,75.2%,47.0%,12.0%,87.3,3.44,3.79,3.78,3.87,3.4,2018,12049
20,20,21,statss.aspx?playerid=9434&position=P,Dallas Keuchel,HOU,12,11,0,34,34,204.2,6.73,2.55,0.79,.300,72.8%,53.7%,11.3%,89.9,3.74,3.60,3.69,3.84,3.2,2018,9434
21,21,22,statss.aspx?playerid=14168&position=P,Jose Berrios,MIN,12,11,0,32,32,192.1,9.45,2.85,1.17,.270,75.8%,41.5%,12.8%,93.6,3.84,3.65,3.90,3.89,3.1,2018,14168
22,22,23,statss.aspx?playerid=7410&position=P,J.A. Happ,- - -,17,6,0,31,31,177.2,9.78,2.58,1.37,.272,74.9%,40.1%,13.4%,92.5,3.65,3.84,3.98,3.88,3.0,2018,7410
23,23,24,statss.aspx?playerid=15423&position=P,Andrew Heaney,LAA,9,10,0,30,30,180.0,9.00,2.25,1.35,.294,71.4%,41.2%,15.2%,91.9,4.15,4.09,3.99,3.68,2.9,2018,15423
24,24,25,statss.aspx?playerid=15454&position=P,Nick Pivetta,PHI,7,14,0,33,32,164.0,10.32,2.80,1.32,.326,69.0%,46.7%,15.8%,95.0,4.77,3.52,3.79,3.42,2.8,2018,15454
27,27,28,statss.aspx?playerid=16977&position=P,Trevor Williams,PIT,14,10,0,31,31,170.2,6.64,2.90,0.79,.261,76.6%,40.8%,8.0%,91.3,3.11,4.04,3.86,4.54,2.7,2018,16977
28,28,29,statss.aspx?playerid=10123&position=P,Kyle Gibson,MIN,10,13,0,32,32,196.2,8.19,3.62,1.05,.285,75.5%,49.8%,14.8%,93.3,3.62,4.33,4.13,3.91,2.6,2018,10123
29,29,30,statss.aspx?playerid=6397&position=P,Jake Odorizzi,MIN,7,10,0,32,32,164.1,8.87,3.83,1.10,.290,69.7%,28.4%,8.9%,91.2,4.49,4.73,4.19,4.87,2.5,2018,6397
30,30,31,statss.aspx?playerid=14916&position=P,Jon Gray,COL,12,9,0,31,31,172.1,9.56,2.72,1.41,.322,67.9%,47.5%,18.1%,94.8,5.12,3.98,4.08,3.47,2.4,2018,14916
31,31,32,statss.aspx?playerid=2717&position=P,Rick Porcello,BOS,17,7,0,33,33,191.1,8.94,2.26,1.27,.285,70.9%,44.1%,13.8%,91.4,4.28,4.09,4.01,3.87,2.4,2018,2717
33,33,34,statss.aspx?playerid=4141&position=P,Derek Holland,SFG,7,9,0,36,30,171.1,8.88,3.52,1.00,.288,76.1%,39.8%,11.2%,91.7,3.57,4.12,3.87,4.07,2.4,2018,4141
35,35,36,statss.aspx?playerid=16400&position=P,Reynaldo Lopez,CHW,7,10,0,32,32,188.2,7.20,3.58,1.19,.260,75.3%,33.0%,9.5%,95.6,3.91,4.83,4.63,5.22,2.3,2018,16400
38,38,39,statss.aspx?playerid=2608&position=P,Jhoulys Chacin,MIL,15,8,0,35,35,192.2,7.29,3.32,0.84,.250,72.4%,42.2%,9.3%,90.0,3.50,4.36,4.03,4.47,2.3,2018,2608
40,40,41,statss.aspx?playerid=15440&position=P,Matthew Boyd,DET,9,13,0,31,31,170.1,8.40,2.69,1.43,.258,71.1%,29.0%,11.2%,90.7,4.39,3.45,4.45,4.72,2.2,2018,15440
41,41,42,statss.aspx?playerid=15689&position=P,Luis Castillo,CIN,10,12,0,31,31,169.2,8.75,2.60,1.49,.282,71.2%,45.9%,17.9%,95.9,4.30,4.30,4.32,3.69,2.2,2018,15689
42,42,43,statss.aspx?playerid=7448&position=P,Gio Gonzalez,- - -,10,11,0,32,32,171.0,7.79,4.21,0.89,.301,73.3%,45.3%,10.4%,90.3,4.21,4.63,4.16,4.44,2.2,2018,7448
43,43,44,statss.aspx?playerid=8753&position=P,Tanner Roark,WSN,9,15,0,31,30,180.1,7.29,2.50,1.20,.296,72.8%,40.7%,11.7%,91.6,4.34,4.30,4.27,4.42,2.2,2018,8753
44,44,45,statss.aspx?playerid=4153&position=P,Jake Arrieta,PHI,10,11,0,31,31,172.2,7.19,2.97,1.09,.287,68.1%,51.6%,14.3%,92.3,3.96,4.12,4.26,4.08,2.0,2018,4153
45,45,46,statss.aspx?playerid=16943&position=P,Sean Newcomb,ATL,12,9,0,31,30,164.0,8.78,4.45,0.99,.273,74.8%,43.4%,11.2%,93.0,3.90,3.71,4.14,4.33,1.9,2018,16943
47,47,48,statss.aspx?playerid=12880&position=P,Tyler Anderson,COL,7,9,0,32,32,176.0,8.39,3.02,1.53,.281,71.9%,36.7%,15.2%,92.0,4.55,3.68,4.57,4.21,1.8,2018,12880
48,48,49,statss.aspx?playerid=11589&position=P,Jose Urena,MIA,9,12,0,31,31,174.0,6.72,2.64,0.98,.272,73.1%,49.6%,11.5%,95.7,3.98,4.09,4.17,4.32,1.7,2018,11589
49,49,50,statss.aspx?playerid=5221&position=P,Wade LeBlanc,SEA,9,5,0,32,27,162.0,7.22,2.22,1.33,.273,74.8%,36.6%,11.5%,86.3,3.72,4.30,4.28,4.47,1.6,2018,5221
51,51,52,statss.aspx?playerid=13619&position=P,Jakob Junis,KCR,9,12,0,30,30,177.0,8.34,2.19,1.63,.298,74.8%,42.0%,16.2%,91.4,4.37,4.48,4.64,4.13,1.5,2018,13619
52,52,53,statss.aspx?playerid=7754&position=P,Mike Fiers,- - -,12,8,0,31,30,172.0,7.27,1.94,1.67,.269,84.2%,39.4%,14.1%,89.6,3.56,4.89,4.75,4.51,1.4,2018,7754
53,53,54,statss.aspx?playerid=1994&position=P,Ivan Nova,PIT,9,9,0,29,29,161.0,6.37,1.96,1.45,.288,73.7%,45.6%,14.8%,93.1,4.19,4.73,4.57,4.28,1.2,2018,1994
56,56,57,statss.aspx?playerid=6797&position=P,Julio Teheran,ATL,9,9,0,31,31,175.2,8.30,4.30,1.33,.217,75.6%,38.0%,13.5%,90.0,3.94,4.48,4.83,4.72,0.7,2018,6797
57,57,58,statss.aspx?playerid=15474&position=P,Lucas Giolito,CHW,10,13,0,32,32,173.1,6.49,4.67,1.40,.268,63.5%,44.4%,13.4%,92.5,6.13,5.26,5.56,5.46,0.1,2018,15474
0,0,1,statss.aspx?playerid=13125&position=P,Gerrit Cole,HOU,20,5,0,33,33,212.1,13.82,2.03,1.23,.275,83.3%,40.3%,16.9%,97.3,2.50,2.43,2.64,2.48,7.5,2019,13125
1,1,2,statss.aspx?playerid=10954&position=P,Jacob deGrom,NYM,11,8,0,32,32,204.0,11.25,1.94,0.84,.282,81.8%,44.4%,11.2%,97.1,2.43,2.70,2.67,3.11,6.9,2019,10954
2,2,3,statss.aspx?playerid=2520&position=P,Lance Lynn,TEX,16,11,0,33,33,208.1,10.63,2.55,0.91,.322,74.4%,40.3%,9.9%,94.7,3.67,3.48,3.13,3.85,6.8,2019,2520
7,7,8,statss.aspx?playerid=19427&position=P,Shane Bieber,CLE,15,8,0,34,33,214.1,10.88,1.68,1.30,.296,77.4%,43.9%,16.1%,93.2,3.28,3.83,3.32,3.23,5.5,2019,19427
9,9,10,statss.aspx?playerid=15474&position=P,Lucas Giolito,CHW,14,9,0,29,29,176.2,11.62,2.90,1.22,.273,77.7%,36.0%,13.6%,94.4,3.41,3.48,3.43,3.66,5.2,2019,15474
12,12,13,statss.aspx?playerid=9323&position=P,Patrick Corbin,WSN,14,7,0,33,33,202.0,10.60,3.12,1.07,.290,77.3%,49.5%,14.4%,92.0,3.25,4.06,3.49,3.59,4.7,2019,9323
13,13,14,statss.aspx?playerid=17479&position=P,Jack Flaherty,STL,11,8,0,33,33,196.1,10.59,2.52,1.15,.242,83.3%,39.5%,13.8%,94.5,2.75,3.38,3.46,3.64,4.7,2019,17479
14,14,15,statss.aspx?playerid=10310&position=P,Zack Wheeler,NYM,11,8,0,31,31,195.1,8.98,2.30,1.01,.311,71.4%,43.2%,10.9%,96.9,3.96,3.86,3.48,4.06,4.6,2019,10310
15,15,16,statss.aspx?playerid=12768&position=P,Sonny Gray,CIN,11,8,0,31,31,175.1,10.52,3.49,0.87,.255,79.7%,50.8%,13.0%,93.4,2.87,3.56,3.42,3.65,4.5,2019,12768
16,16,17,statss.aspx?playerid=14168&position=P,Jose Berrios,MIN,14,8,0,32,32,200.1,8.76,2.29,1.17,.299,73.5%,42.1%,12.0%,93.3,3.68,4.06,3.85,4.32,4.4,2019,14168
17,17,18,statss.aspx?playerid=11762&position=P,Noah Syndergaard,NYM,10,8,0,32,32,197.2,9.20,2.28,1.09,.313,68.9%,48.0%,13.3%,97.9,4.28,3.41,3.60,3.83,4.3,2019,11762
18,18,19,statss.aspx?playerid=15689&position=P,Luis Castillo,CIN,15,8,0,32,32,190.2,10.67,3.73,1.04,.262,76.7%,55.2%,17.9%,96.3,3.40,3.36,3.70,3.48,4.2,2019,15689
19,19,20,statss.aspx?playerid=10021&position=P,Mike Minor,TEX,14,10,0,32,32,208.1,8.64,2.94,1.30,.287,80.3%,40.0%,12.9%,92.5,3.59,3.89,4.25,4.60,4.1,2019,10021
20,20,21,statss.aspx?playerid=12049&position=P,Kyle Hendricks,CHC,11,10,0,30,30,177.0,7.63,1.63,0.97,.287,71.8%,41.3%,10.4%,87.1,3.46,3.78,3.61,4.26,4.1,2019,12049
21,21,22,statss.aspx?playerid=18383&position=P,Mike Soroka,ATL,13,4,0,29,29,174.2,7.32,2.11,0.72,.280,79.9%,51.2%,11.1%,92.9,2.68,4.11,3.45,3.85,4.0,2019,18383
23,23,24,statss.aspx?playerid=13164&position=P,Eduardo Rodriguez,BOS,19,6,0,34,34,203.1,9.43,3.32,1.06,.317,77.6%,48.5%,13.3%,93.1,3.81,3.75,3.86,4.10,3.7,2019,13164
24,24,25,statss.aspx?playerid=15467&position=P,Marco Gonzales,SEA,16,13,0,34,34,203.0,6.52,2.48,1.02,.295,69.2%,40.7%,9.3%,89.1,3.99,4.26,4.15,5.11,3.6,2019,15467
25,25,26,statss.aspx?playerid=2036&position=P,Clayton Kershaw,LAD,16,5,0,29,28,178.1,9.54,2.07,1.41,.262,84.0%,48.0%,18.5%,90.4,3.03,3.64,3.86,3.50,3.6,2019,2036
28,28,29,statss.aspx?playerid=15038&position=P,German Marquez,COL,12,5,0,28,28,174.0,9.05,1.81,1.50,.304,68.1%,49.0%,20.1%,95.7,4.76,4.79,4.06,3.54,3.3,2019,15038
29,29,30,statss.aspx?playerid=12970&position=P,Joe Musgrove,PIT,11,12,0,32,31,170.1,8.30,2.06,1.11,.299,63.2%,44.5%,11.7%,92.7,4.44,4.17,3.82,4.31,3.3,2019,12970
30,30,31,statss.aspx?playerid=5524&position=P,Madison Bumgarner,SFG,9,9,0,34,34,207.2,8.80,1.86,1.30,.289,71.8%,35.8%,12.6%,91.6,3.90,4.57,3.90,4.31,3.3,2019,5524
31,31,32,statss.aspx?playerid=12703&position=P,Trevor Bauer,- - -,11,13,0,34,34,213.0,10.69,3.46,1.44,.287,70.3%,37.6%,15.3%,94.6,4.48,4.23,4.34,4.33,3.2,2019,12703
33,33,34,statss.aspx?playerid=15440&position=P,Matthew Boyd,DET,9,12,0,32,32,185.1,11.56,2.43,1.89,.307,74.4%,35.6%,18.2%,92.2,4.56,3.83,4.32,3.88,3.2,2019,15440
34,34,35,statss.aspx?playerid=13743&position=P,Max Fried,ATL,17,6,0,33,30,165.2,9.40,2.55,1.14,.336,74.3%,53.6%,20.2%,93.9,4.02,3.86,3.72,3.32,3.0,2019,13743
35,35,36,statss.aspx?playerid=8362&position=P,Homer Bailey,- - -,13,9,0,31,31,163.1,8.21,2.92,1.16,.301,71.2%,44.3%,12.8%,93.1,4.57,4.50,4.11,4.43,2.9,2019,8362
38,38,39,statss.aspx?playerid=13050&position=P,Anthony DeSclafani,CIN,9,9,0,31,31,166.2,9.02,2.65,1.57,.273,77.7%,42.9%,16.2%,94.8,3.89,3.86,4.43,4.30,2.6,2019,13050
41,41,42,statss.aspx?playerid=16400&position=P,Reynaldo Lopez,CHW,10,15,0,33,33,184.0,8.27,3.18,1.71,.316,69.2%,35.0%,14.0%,95.5,5.38,5.13,5.04,5.27,2.4,2019,16400
42,42,43,statss.aspx?playerid=18684&position=P,Sandy Alcantara,MIA,6,14,0,32,32,197.1,6.89,3.69,1.05,.271,73.8%,44.6%,10.8%,95.7,3.88,4.60,4.55,5.17,2.3,2019,18684
43,43,44,statss.aspx?playerid=11486&position=P,Robbie Ray,ARI,12,8,0,33,33,174.1,12.13,4.34,1.55,.305,75.1%,37.0%,20.0%,92.5,4.34,4.60,4.29,3.76,2.3,2019,11486
44,44,45,statss.aspx?playerid=15734&position=P,Brad Keller,KCR,7,14,0,28,28,165.1,6.64,3.81,0.82,.282,72.2%,50.0%,10.2%,93.8,4.19,4.82,4.35,4.94,2.2,2019,15734
45,45,46,statss.aspx?playerid=1994&position=P,Ivan Nova,CHW,11,12,0,34,34,187.0,5.49,2.26,1.44,.322,72.8%,46.1%,15.8%,92.6,4.72,5.63,4.98,4.91,2.1,2019,1994
46,46,47,statss.aspx?playerid=19320&position=P,Joey Lucchesi,SDP,10,10,0,30,30,163.2,8.69,3.08,1.26,.271,73.0%,47.0%,13.9%,90.6,4.18,3.86,4.17,4.36,2.1,2019,19320
48,48,49,statss.aspx?playerid=8753&position=P,Tanner Roark,- - -,10,10,0,31,31,165.1,8.60,2.78,1.52,.322,78.1%,36.2%,15.5%,92.1,4.35,5.26,4.67,4.64,2.0,2019,8753
49,49,50,statss.aspx?playerid=8779&position=P,Wade Miley,HOU,14,6,0,33,33,167.1,7.53,3.28,1.24,.287,74.3%,49.7%,15.2%,90.9,3.98,4.14,4.51,4.52,2.0,2019,8779
50,50,51,statss.aspx?playerid=8223&position=P,Brett Anderson,OAK,13,9,0,31,31,176.0,4.60,2.51,1.02,.278,74.8%,54.5%,13.3%,91.2,3.89,5.44,4.57,4.79,2.0,2019,8223
51,51,52,statss.aspx?playerid=11156&position=P,Merrill Kelly,ARI,13,14,0,32,32,183.1,7.76,2.80,1.42,.292,73.1%,42.0%,14.8%,92.1,4.42,5.37,4.51,4.58,1.9,2019,11156
52,52,53,statss.aspx?playerid=6902&position=P,Martin Perez,MIN,10,7,0,32,29,165.1,7.35,3.65,1.25,.316,67.6%,48.0%,15.0%,94.2,5.12,4.11,4.66,4.69,1.9,2019,6902
53,53,54,statss.aspx?playerid=2717&position=P,Rick Porcello,BOS,14,12,0,32,32,174.1,7.38,2.32,1.60,.308,65.7%,38.1%,13.1%,91.1,5.52,4.89,4.76,5.14,1.8,2019,2717
54,54,55,statss.aspx?playerid=7754&position=P,Mike Fiers,OAK,15,4,0,33,33,184.2,6.14,2.58,1.46,.254,78.5%,39.9%,13.8%,90.5,3.90,5.06,4.97,5.19,1.7,2019,7754
55,55,56,statss.aspx?playerid=6797&position=P,Julio Teheran,ATL,10,11,0,33,33,174.2,8.35,4.28,1.13,.266,76.6%,39.0%,11.2%,89.8,3.81,4.76,4.66,5.26,1.6,2019,6797
56,56,57,statss.aspx?playerid=3254&position=P,Jeff Samardzija,SFG,11,12,0,32,32,181.1,6.95,2.43,1.39,.240,76.9%,36.4%,12.6%,91.7,3.52,4.73,4.59,5.02,1.5,2019,3254
57,57,58,statss.aspx?playerid=13619&position=P,Jakob Junis,KCR,9,14,0,31,31,175.1,8.42,2.98,1.59,.318,70.3%,42.4%,16.7%,91.8,5.24,5.41,4.82,4.63,1.5,2019,13619
58,58,59,statss.aspx?playerid=13774&position=P,Zach Eflin,PHI,10,13,0,32,28,163.1,7.11,2.64,1.54,.291,73.9%,44.4%,16.0%,94.0,4.13,4.14,4.85,4.76,1.5,2019,13774
59,59,60,statss.aspx?playerid=19206&position=P,Dakota Hudson,STL,16,7,1,33,32,174.2,7.01,4.43,1.13,.274,78.1%,56.9%,19.8%,94.1,3.35,5.09,4.93,4.55,0.9,2019,19206
0,0,1,statss.aspx?playerid=19427&position=P,Shane Bieber,CLE,8,1,0,12,12,77.1,14.20,2.44,0.81,.267,91.1%,48.4%,15.2%,94.3,1.63,2.62,2.07,2.04,3.2,2020,19427
2,2,3,statss.aspx?playerid=10954&position=P,Jacob deGrom,NYM,4,2,0,12,12,68.0,13.76,2.38,0.93,.288,79.7%,42.5%,13.0%,98.7,2.38,2.73,2.26,2.46,2.6,2020,10954
3,3,4,statss.aspx?playerid=12703&position=P,Trevor Bauer,CIN,5,4,0,11,11,73.0,12.33,2.10,1.11,.215,90.9%,34.4%,12.0%,93.7,1.73,2.11,2.88,3.25,2.6,2020,12703
4,4,5,statss.aspx?playerid=17186&position=P,Dinelson Lamet,SDP,3,1,0,12,12,69.0,12.13,2.61,0.65,.234,80.4%,36.9%,7.9%,97.0,2.09,2.79,2.48,3.30,2.5,2020,17186
5,5,6,statss.aspx?playerid=15689&position=P,Luis Castillo,CIN,4,6,0,12,12,70.0,11.44,3.09,0.64,.329,70.0%,58.4%,12.5%,97.6,3.21,2.95,2.65,2.82,2.4,2020,15689
6,6,7,statss.aspx?playerid=15038&position=P,German Marquez,COL,4,6,0,13,13,81.2,8.04,2.76,0.66,.300,65.5%,50.6%,9.4%,96.0,3.75,4.21,3.28,3.83,2.3,2020,15038
10,10,11,statss.aspx?playerid=16162&position=P,Brandon Woodruff,MIL,3,5,0,13,13,73.2,11.12,2.20,1.10,.269,79.2%,49.4%,14.1%,96.8,3.05,2.90,3.20,3.29,2.1,2020,16162
11,11,12,statss.aspx?playerid=15474&position=P,Lucas Giolito,CHW,4,3,0,12,12,72.1,12.07,3.48,1.00,.255,69.9%,41.3%,13.3%,94.2,3.48,3.04,3.19,3.35,2.0,2020,15474
14,14,15,statss.aspx?playerid=15467&position=P,Marco Gonzales,SEA,7,2,0,11,11,69.2,8.27,0.90,1.03,.263,73.1%,37.6%,9.6%,88.4,3.10,3.82,3.32,4.13,2.0,2020,15467
15,15,16,statss.aspx?playerid=10310&position=P,Zack Wheeler,PHI,4,2,0,11,11,71.0,6.72,2.03,0.38,.306,74.6%,55.9%,7.5%,97.1,2.92,3.60,3.22,3.76,1.9,2020,10310
17,17,18,statss.aspx?playerid=12049&position=P,Kyle Hendricks,CHC,6,5,0,12,12,81.1,7.08,0.89,1.11,.272,82.4%,47.1%,13.0%,87.6,2.88,3.13,3.55,3.78,1.9,2020,12049
18,18,19,statss.aspx?playerid=9434&position=P,Dallas Keuchel,CHW,6,2,0,11,11,63.1,5.97,2.42,0.28,.255,81.6%,52.8%,4.7%,88.5,1.99,4.27,3.08,3.98,1.8,2020,9434
20,20,21,statss.aspx?playerid=15423&position=P,Andrew Heaney,LAA,4,3,0,12,12,66.2,9.45,2.56,1.21,.302,68.6%,39.0%,12.3%,,4.45,4.42,3.79,4.15,1.5,2020,15423
21,21,22,statss.aspx?playerid=6632&position=P,Carlos Carrasco,CLE,3,4,0,12,12,68.0,10.85,3.57,1.06,.292,85.2%,44.3%,14.3%,93.9,2.91,3.79,3.59,3.65,1.5,2020,6632
22,22,23,statss.aspx?playerid=19291&position=P,Zac Gallen,ARI,3,2,0,12,12,72.0,10.25,3.13,1.13,.266,83.6%,45.6%,15.3%,93.2,2.75,3.68,3.66,3.62,1.4,2020,19291
23,23,24,statss.aspx?playerid=2520&position=P,Lance Lynn,TEX,6,3,0,13,13,84.0,9.54,2.68,1.39,.242,79.4%,36.0%,13.8%,94.2,3.32,3.25,4.19,4.34,1.4,2020,2520
24,24,25,statss.aspx?playerid=13125&position=P,Gerrit Cole,NYY,7,3,0,12,12,73.0,11.59,2.10,1.73,.242,85.9%,37.4%,18.7%,96.9,2.84,3.13,3.89,3.38,1.4,2020,13125
25,25,26,statss.aspx?playerid=13183&position=P,Zach Davies,SDP,7,4,0,12,12,69.1,8.18,2.47,1.17,.249,78.2%,41.3%,12.9%,,2.73,5.13,3.88,4.14,1.4,2020,13183
26,26,27,statss.aspx?playerid=12304&position=P,Chris Bassitt,OAK,5,2,0,11,11,63.0,7.86,2.43,0.86,.276,85.6%,43.8%,8.6%,93.6,2.29,3.82,3.59,4.49,1.3,2020,12304
27,27,28,statss.aspx?playerid=9323&position=P,Patrick Corbin,WSN,2,7,0,11,11,65.2,8.22,2.47,1.37,.362,76.4%,43.7%,15.2%,90.4,4.66,5.13,4.17,4.12,1.2,2020,9323
28,28,29,statss.aspx?playerid=19479&position=P,Aaron Civale,CLE,4,6,0,12,12,74.0,8.39,1.95,1.34,.333,72.4%,44.2%,15.7%,91.4,4.74,4.45,4.03,3.92,1.2,2020,19479
29,29,30,statss.aspx?playerid=15488&position=P,Antonio Senzatela,COL,5,3,0,12,12,73.1,5.03,2.21,1.10,.268,79.6%,50.8%,12.9%,94.4,3.44,4.67,4.57,4.81,1.1,2020,15488
30,30,31,statss.aspx?playerid=14168&position=P,Jose Berrios,MIN,5,4,0,12,12,63.0,9.71,3.71,1.14,.295,77.5%,40.4%,13.1%,94.7,4.00,4.45,4.06,4.28,1.1,2020,14168
31,31,32,statss.aspx?playerid=25377&position=P,Brady Singer,KCR,4,5,0,12,12,64.1,8.53,3.22,1.12,.260,72.9%,53.1%,15.1%,93.0,4.06,3.84,4.08,4.05,1.0,2020,25377
33,33,34,statss.aspx?playerid=16256&position=P,Kyle Freeland,COL,2,3,0,13,13,70.2,5.86,2.93,1.15,.305,76.3%,51.5%,15.8%,92.3,4.33,5.13,4.65,4.55,1.0,2020,16256
34,34,35,statss.aspx?playerid=6893&position=P,Johnny Cueto,SFG,2,3,0,12,12,63.1,7.96,3.69,1.28,.284,63.3%,40.8%,13.8%,91.4,5.40,4.86,4.64,4.78,0.5,2020,6893
35,35,36,statss.aspx?playerid=6902&position=P,Martin Perez,BOS,3,5,0,12,12,62.0,6.68,4.06,1.16,.266,70.9%,38.5%,12.5%,92.4,4.50,4.80,4.88,5.20,0.4,2020,6902
37,37,38,statss.aspx?playerid=10123&position=P,Kyle Gibson,TEX,2,6,0,12,12,67.1,7.75,4.01,1.60,.313,70.5%,51.5%,26.7%,92.6,5.35,5.70,5.39,4.36,0.2,2020,10123
38,38,39,statss.aspx?playerid=13834&position=P,Alec Mills,CHC,5,5,0,11,11,62.1,6.64,2.74,1.88,.233,77.1%,47.3%,21.3%,90.0,4.48,5.06,5.44,4.61,0.1,2020,13834
39,39,40,statss.aspx?playerid=15440&position=P,Matthew Boyd,DET,3,7,0,12,12,60.1,8.95,3.28,2.24,.308,65.8%,37.2%,19.7%,91.9,6.71,5.30,5.78,4.97,-0.1,2020,15440
0,0,1,statss.aspx?playerid=19361&position=P,Corbin Burnes,MIL,11,5,0,28,28,167.0,12.61,1.83,0.38,.309,75.7%,48.8%,6.1%,96.5,2.43,2.00,1.63,2.30,7.5,2021,19361
1,1,2,statss.aspx?playerid=10310&position=P,Zack Wheeler,PHI,14,10,0,32,32,213.1,10.42,1.94,0.68,.288,75.3%,49.8%,10.8%,97.3,2.78,2.79,2.59,2.84,7.2,2021,10310
5,5,6,statss.aspx?playerid=13125&position=P,Gerrit Cole,NYY,16,8,0,30,30,181.1,12.06,2.03,1.19,.305,77.9%,43.1%,13.5%,97.8,3.23,3.10,2.92,2.93,5.2,2021,13125
8,8,9,statss.aspx?playerid=16162&position=P,Brandon Woodruff,MIL,9,10,0,30,30,179.1,10.59,2.16,0.90,.261,81.4%,41.5%,12.7%,96.5,2.56,3.27,2.96,3.05,4.7,2021,16162
10,10,11,statss.aspx?playerid=18525&position=P,Dylan Cease,CHW,13,7,0,32,32,165.2,12.28,3.69,1.09,.309,73.9%,33.3%,11.3%,96.8,3.91,3.65,3.41,3.72,4.4,2021,18525
12,12,13,statss.aspx?playerid=18684&position=P,Sandy Alcantara,MIA,9,15,0,33,33,205.2,8.80,2.19,0.92,.270,72.4%,53.3%,13.3%,98.1,3.19,3.47,3.42,3.45,4.3,2021,18684
13,13,14,statss.aspx?playerid=15474&position=P,Lucas Giolito,CHW,11,9,0,31,31,178.2,10.13,2.62,1.36,.269,77.5%,33.2%,13.8%,94.0,3.53,3.27,3.79,3.75,4.1,2021,15474
14,14,15,statss.aspx?playerid=14168&position=P,Jose Berrios,- - -,12,9,0,32,32,192.0,9.56,2.11,1.03,.277,72.3%,42.8%,12.6%,94.1,3.52,4.09,3.47,3.59,4.0,2021,14168
15,15,16,statss.aspx?playerid=14309&position=P,Frankie Montas,OAK,13,9,0,32,32,187.0,9.96,2.74,0.96,.296,74.5%,42.8%,11.4%,96.6,3.37,3.98,3.37,3.64,4.0,2021,14309
16,16,17,statss.aspx?playerid=11486&position=P,Robbie Ray,TOR,13,7,0,32,32,193.1,11.54,2.42,1.54,.268,90.1%,37.2%,15.9%,94.6,2.84,3.60,3.69,3.36,3.9,2021,11486
17,17,18,statss.aspx?playerid=16358&position=P,Tyler Mahle,CIN,13,6,0,33,33,180.0,10.50,3.20,1.20,.297,77.6%,42.2%,14.1%,94.2,3.75,3.73,3.80,3.74,3.8,2021,16358
19,19,20,statss.aspx?playerid=15689&position=P,Luis Castillo,CIN,8,16,0,33,33,187.2,9.21,3.60,0.91,.318,71.5%,56.6%,15.0%,97.3,3.98,3.63,3.75,3.63,3.8,2021,15689
20,20,21,statss.aspx?playerid=13743&position=P,Max Fried,ATL,14,7,0,28,28,165.2,8.58,2.23,0.81,.278,75.9%,51.8%,12.1%,94.0,3.04,3.47,3.31,3.45,3.8,2021,13743
21,21,22,statss.aspx?playerid=15038&position=P,German Marquez,COL,12,11,0,32,32,180.0,8.80,3.20,1.05,.293,69.3%,51.6%,15.9%,95.1,4.40,4.06,3.86,3.64,3.5,2021,15038
22,22,23,statss.aspx?playerid=12970&position=P,Joe Musgrove,SDP,11,9,0,32,31,181.1,10.08,2.68,1.09,.266,79.7%,43.5%,14.0%,93.3,3.18,3.89,3.70,3.65,3.4,2021,12970
25,25,26,statss.aspx?playerid=15873&position=P,Sean Manaea,OAK,11,10,0,32,32,179.1,9.74,2.06,1.25,.318,77.3%,42.0%,13.8%,,3.91,4.12,3.66,3.62,3.2,2021,15873
26,26,27,statss.aspx?playerid=13050&position=P,Anthony DeSclafani,SFG,13,7,0,31,31,167.2,8.16,2.25,1.02,.265,78.3%,44.3%,11.0%,94.2,3.17,3.89,3.62,3.95,3.0,2021,13050
27,27,28,statss.aspx?playerid=10123&position=P,Kyle Gibson,- - -,10,9,0,31,30,182.0,7.66,3.16,0.84,.276,73.7%,51.7%,11.1%,93.1,3.71,3.84,3.87,4.14,3.0,2021,10123
28,28,29,statss.aspx?playerid=8779&position=P,Wade Miley,CIN,12,7,0,28,28,163.0,6.90,2.76,0.94,.301,79.4%,49.4%,12.6%,90.1,3.37,4.12,3.97,4.07,3.0,2021,8779
29,29,30,statss.aspx?playerid=13896&position=P,Chris Flexen,SEA,14,6,0,31,31,179.2,6.26,2.00,0.95,.300,76.6%,42.4%,9.1%,92.9,3.61,4.27,3.89,4.56,3.0,2021,13896
32,32,33,statss.aspx?playerid=12880&position=P,Tyler Anderson,- - -,7,11,0,31,31,167.0,7.22,2.05,1.46,.284,71.3%,35.1%,12.2%,90.8,4.53,4.21,4.37,4.60,2.1,2021,12880
33,33,34,statss.aspx?playerid=19244&position=P,Cole Irvin,OAK,10,15,0,32,32,178.1,6.31,2.12,1.16,.302,71.1%,37.6%,10.4%,91.0,4.24,4.92,4.30,4.82,2.0,2021,19244
35,35,36,statss.aspx?playerid=12049&position=P,Kyle Hendricks,CHC,14,7,0,32,32,181.0,6.51,2.19,1.54,.299,73.0%,43.1%,15.6%,87.5,4.77,4.95,4.89,4.61,1.1,2021,12049
36,36,37,statss.aspx?playerid=9434&position=P,Dallas Keuchel,CHW,9,9,0,32,30,162.0,5.28,3.28,1.39,.307,68.2%,54.9%,17.9%,89.1,5.28,6.15,5.23,4.74,0.7,2021,9434
37,37,38,statss.aspx?playerid=9323&position=P,Patrick Corbin,WSN,9,16,0,31,31,171.2,7.50,3.15,1.94,.305,69.4%,47.2%,22.6%,92.4,5.82,5.62,5.41,4.29,0.2,2021,9323
38,38,39,statss.aspx?playerid=7593&position=P,Jordan Lyles,TEX,10,13,0,32,30,180.0,7.30,2.80,1.90,.299,75.1%,37.6%,17.4%,93.3,5.15,5.37,5.34,4.73,0.1,2021,7593
3,3,4,statss.aspx?playerid=18684&position=P,Sandy Alcantara,MIA,14,9,0,32,32,228.2,8.15,1.97,0.63,.262,78.8%,53.4%,8.5%,98.0,2.28,2.92,2.99,3.29,5.7,2022,18684
6,6,7,statss.aspx?playerid=13743&position=P,Max Fried,ATL,14,7,0,30,30,185.1,8.26,1.55,0.58,.280,78.2%,51.2%,7.8%,94.0,2.48,2.85,2.70,3.09,5.0,2022,13743
7,7,8,statss.aspx?playerid=19427&position=P,Shane Bieber,CLE,13,8,0,31,31,200.0,8.91,1.62,0.81,.287,75.8%,48.2%,10.4%,91.5,2.88,3.51,2.87,2.98,4.9,2022,19427
8,8,9,statss.aspx?playerid=19361&position=P,Corbin Burnes,MIL,12,8,0,33,33,202.0,10.83,2.27,1.02,.259,76.8%,47.0%,14.1%,96.2,2.94,3.05,3.14,2.85,4.6,2022,19361
10,10,11,statss.aspx?playerid=18525&position=P,Dylan Cease,CHW,14,8,0,32,32,184.0,11.10,3.82,0.78,.260,82.3%,38.8%,8.4%,96.9,2.20,2.70,3.10,3.50,4.4,2022,18525
11,11,12,statss.aspx?playerid=19291&position=P,Zac Gallen,ARI,12,4,0,31,31,184.0,9.39,2.30,0.73,.237,78.0%,46.0%,9.1%,93.9,2.54,3.17,3.05,3.31,4.3,2022,19291
15,15,16,statss.aspx?playerid=12880&position=P,Tyler Anderson,LAD,15,5,0,30,28,178.2,6.95,1.71,0.71,.256,77.8%,40.1%,6.4%,90.7,2.57,3.10,3.31,4.10,4.0,2022,12880
17,17,18,statss.aspx?playerid=6902&position=P,Martin Perez,TEX,12,8,0,32,32,196.1,7.75,3.16,0.50,.295,77.0%,51.4%,6.5%,92.9,2.89,3.59,3.27,3.80,3.8,2022,6902
18,18,19,statss.aspx?playerid=18000&position=P,Triston McKenzie,CLE,11,11,0,31,30,191.1,8.94,2.07,1.18,.237,80.3%,32.7%,10.3%,92.7,2.96,3.54,3.59,3.77,3.6,2022,18000
19,19,20,statss.aspx?playerid=21483&position=P,Shane McClanahan,TBR,12,8,0,28,28,166.1,10.50,2.06,1.03,.251,80.5%,50.2%,15.7%,97.0,2.54,2.79,3.00,2.60,3.5,2022,21483
20,20,21,statss.aspx?playerid=12970&position=P,Joe Musgrove,SDP,10,7,0,30,30,181.0,9.15,2.09,1.09,.276,79.8%,44.6%,12.3%,92.9,2.93,3.27,3.59,3.47,3.5,2022,12970
21,21,22,statss.aspx?playerid=11156&position=P,Merrill Kelly,ARI,13,8,0,33,33,200.1,7.95,2.74,0.94,.269,76.3%,42.8%,9.9%,92.4,3.37,3.62,3.65,3.86,3.3,2022,11156
22,22,23,statss.aspx?playerid=13125&position=P,Gerrit Cole,NYY,13,8,0,33,33,200.2,11.53,2.24,1.48,.268,78.2%,42.4%,16.8%,97.8,3.50,3.31,3.47,2.77,3.3,2022,13125
24,24,25,statss.aspx?playerid=22250&position=P,Logan Gilbert,SEA,13,6,0,32,32,185.2,8.43,2.38,0.92,.292,77.6%,36.7%,9.2%,96.1,3.20,4.11,3.46,3.78,3.2,2022,22250
25,25,26,statss.aspx?playerid=2429&position=P,Corey Kluber,TBR,10,10,0,31,31,164.0,7.63,1.15,1.10,.317,70.2%,36.1%,9.3%,89.1,4.34,4.00,3.57,3.92,3.0,2022,2429
26,26,27,statss.aspx?playerid=19665&position=P,Kyle Wright,ATL,21,5,0,30,30,180.1,8.68,2.65,0.95,.284,78.9%,55.6%,14.4%,95.1,3.19,3.89,3.58,3.30,2.9,2022,19665
27,27,28,statss.aspx?playerid=17085&position=P,Pablo Lopez,MIA,10,10,0,32,32,180.0,8.70,2.65,1.05,.283,74.2%,46.1%,12.7%,93.5,3.75,3.75,3.71,3.56,2.8,2022,17085
30,30,31,statss.aspx?playerid=16511&position=P,Jordan Montgomery,- - -,9,6,0,32,32,178.1,7.97,1.82,1.06,.275,75.5%,47.6%,13.0%,93.1,3.48,4.00,3.61,3.43,2.7,2022,16511
31,31,32,statss.aspx?playerid=12304&position=P,Chris Bassitt,NYM,15,9,0,30,30,181.2,8.27,2.43,0.94,.282,77.2%,48.8%,10.9%,93.3,3.42,3.46,3.66,3.72,2.7,2022,12304
32,32,33,statss.aspx?playerid=16256&position=P,Kyle Freeland,COL,9,11,0,31,31,174.2,6.75,2.73,0.98,.318,70.5%,42.0%,9.5%,90.4,4.53,5.11,4.21,4.48,2.6,2022,16256
33,33,34,statss.aspx?playerid=11674&position=P,Jameson Taillon,NYY,14,5,0,32,32,177.1,7.66,1.62,1.32,.276,75.3%,40.1%,12.4%,94.1,3.91,4.20,3.94,3.79,2.3,2022,11674
34,34,35,statss.aspx?playerid=19312&position=P,Cal Quantrill,CLE,15,5,0,32,32,186.1,6.18,2.27,1.01,.278,76.4%,42.1%,9.6%,93.9,3.38,4.31,4.12,4.39,2.2,2022,19312
35,35,36,statss.aspx?playerid=10123&position=P,Kyle Gibson,PHI,10,8,0,31,31,167.2,7.73,2.58,1.29,.308,67.7%,45.9%,13.9%,92.3,5.05,4.46,4.28,3.94,1.8,2022,10123
36,36,37,statss.aspx?playerid=11486&position=P,Robbie Ray,SEA,12,12,0,32,32,189.0,10.10,2.95,1.52,.284,81.2%,39.2%,15.5%,93.6,3.71,3.59,4.17,3.58,1.8,2022,11486
38,38,39,statss.aspx?playerid=15454&position=P,Nick Pivetta,BOS,10,12,0,33,33,179.2,8.77,3.66,1.35,.300,75.3%,38.5%,12.4%,93.6,4.56,4.65,4.42,4.26,1.5,2022,15454
39,39,40,statss.aspx?playerid=7593&position=P,Jordan Lyles,BAL,12,11,0,32,32,179.0,7.24,2.61,1.31,.313,73.8%,40.2%,11.4%,91.9,4.42,4.94,4.40,4.39,1.4,2022,7593
40,40,41,statss.aspx?playerid=19244&position=P,Cole Irvin,OAK,9,13,0,30,30,181.0,6.36,1.79,1.24,.273,71.4%,37.7%,10.5%,90.9,3.98,4.40,4.21,4.35,1.4,2022,19244
41,41,42,statss.aspx?playerid=15038&position=P,German Marquez,COL,9,13,0,31,31,181.2,7.43,3.12,1.49,.291,68.1%,47.6%,16.9%,95.7,4.95,4.49,4.71,4.02,1.4,2022,15038
42,42,43,statss.aspx?playerid=14168&position=P,Jose Berrios,TOR,12,7,0,32,32,172.0,7.80,2.35,1.52,.328,70.9%,40.3%,13.5%,94.0,5.23,5.11,4.55,4.21,1.1,2022,14168
43,43,44,statss.aspx?playerid=18413&position=P,Jose Urquidy,HOU,13,8,0,29,28,164.1,7.34,2.08,1.59,.264,78.9%,36.0%,12.9%,93.6,3.94,4.56,4.60,4.32,1.1,2022,18413
44,44,45,statss.aspx?playerid=15467&position=P,Marco Gonzales,SEA,10,15,0,32,32,183.0,5.07,2.46,1.48,.277,73.7%,42.0%,12.3%,88.7,4.13,4.59,5.05,4.90,0.1,2022,15467
